-- phpMyAdmin SQL Dump
-- version 4.9.7
-- https://www.phpmyadmin.net/
--
-- Host: localhost:8889
-- Creato il: Giu 28, 2021 alle 09:25
-- Versione del server: 5.7.32
-- Versione PHP: 7.4.12

SET SQL_MODE = "NO_AUTO_VALUE_ON_ZERO";
SET time_zone = "+00:00";


/*!40101 SET @OLD_CHARACTER_SET_CLIENT=@@CHARACTER_SET_CLIENT */;
/*!40101 SET @OLD_CHARACTER_SET_RESULTS=@@CHARACTER_SET_RESULTS */;
/*!40101 SET @OLD_COLLATION_CONNECTION=@@COLLATION_CONNECTION */;
/*!40101 SET NAMES utf8mb4 */;

--
-- Database: `boolbnb`
--

-- --------------------------------------------------------

--
-- Struttura della tabella `apartments`
--

CREATE TABLE `apartments` (
  `user_id` bigint(20) UNSIGNED NOT NULL,
  `title` varchar(100) COLLATE utf8mb4_unicode_ci NOT NULL,
  `description` text COLLATE utf8mb4_unicode_ci NOT NULL,
  `rooms` tinyint(4) NOT NULL,
  `bathrooms` tinyint(4) NOT NULL,
  `beds` tinyint(4) NOT NULL,
  `mq` smallint(6) NOT NULL,
  `address` varchar(100) COLLATE utf8mb4_unicode_ci NOT NULL,
  `city` varchar(50) COLLATE utf8mb4_unicode_ci NOT NULL,
  `lat` double(9,6) NOT NULL,
  `long` double NOT NULL,
  `image` varchar(255) COLLATE utf8mb4_unicode_ci DEFAULT NULL,
  `visible` tinyint(1) NOT NULL DEFAULT '0',
  `slug` varchar(120) COLLATE utf8mb4_unicode_ci NOT NULL,
  `id` bigint(20) UNSIGNED NOT NULL,
  `created_at` timestamp NULL DEFAULT NULL,
  `updated_at` timestamp NULL DEFAULT NULL
) ENGINE=InnoDB DEFAULT CHARSET=utf8mb4 COLLATE=utf8mb4_unicode_ci;

--
-- Dump dei dati per la tabella `apartments`
--

INSERT INTO `apartments` (`user_id`, `title`, `description`, `rooms`, `bathrooms`, `beds`, `mq`, `address`, `city`, `lat`, `long`, `image`, `visible`, `slug`, `id`, `created_at`, `updated_at`) VALUES
(1, 'Nei pressi di via Toledo, ad un passo da tutto', 'Miniappartamento simpaticamente arredato in zona veramente centrale, sicura e signorile nei pressi di via Toledo.\r\nFornito di tutto il necessario per poter soggiornare comodamente e come a casa propria. Climatizzatore, lavatrice, lavastoviglie, TV, Internet sono a disposizione degli ospiti. Per ogni ulteriore esigenza siamo presenti e pronti ad intervenire, dare suggerimenti per un felice e gradevole soggiorno dei nostri ospiti.', 1, 1, 2, 100, 'Via Toledo 34', 'Napoli', 40.846887, 14.249484, 'images/GwkRiw0Z9RIRSDGTy23IBs41azK5RuuLQz0O7oUi.jpg', 1, 'nei-pressi-di-via-toledo-ad-un-passo-da-tutto-76078911', 1, '2021-06-23 06:17:46', '2021-06-23 06:20:25'),
(11, 'Gratia Plena 24 Top-Floor Apartment with balcony', 'ATTENZIONE: LE SPESE DI PULIZIA NON SONO INCLUSE nel totale della prenotazione e vanno pagate al momento del check-in. Le spese di pulizia comprendono anche il kit di biancheria e il servizio check-in. Ad ogni ospite sarà fornito un kit di biancheria comprensivo anche di un telo doccia, un asciugamano viso e un rotolo di carta igienica.\r\nDi seguito i costi:\r\n30 euro per soggiorno per 1/2 ospiti\r\n35 euro per soggiorno per 3/4 ospiti\r\n40 euro per soggiorno per 5 ospiti', 2, 1, 6, 200, 'Via Antonio Ranieri 43', 'Napoli', 40.851260, 14.266134, 'images/rLYqsomyq5iypiKkWdu8rc9YJOk6asVl4O1PkrCI.jpg', 1, 'gratia-plena-24-top-floor-apartment-with-balcony-75093899', 2, '2021-06-23 06:28:50', '2021-06-23 06:28:50'),
(11, 'Small apartment in the heard of Naples', 'Il mio appartamento si trova nel centro di Napoli, al piano terra di un palazzo antico. Ideale per coppie ma anche per giovanissimi. La stanza ha un letto matrimoniale, e uno singolo( chiedere prezzo) in più una poltrona_letto singolo (Bedside armchair) Vicini molti luoghi di interesse: Museo Nazionale, la maestosa cattedrale del Duomo, \"Cimitero delle Fontanelle\" ; San Gregorio Armeno, p.zza Bellini, il Cristo Velato, Napoli sotterranea, Catacombe di San Gennaro etc.', 1, 1, 4, 60, 'Via Miracoli 20', 'Napoli', 40.856864, 14.256539, 'images/jMLRtMZyScVMDxDwbe9UIQRMAxKNzssVEXNW3uZT.jpg', 1, 'small-apartment-in-the-heard-of-naples-46273527', 3, '2021-06-23 06:41:06', '2021-06-23 06:41:06'),
(11, 'Yellow Room downtown comfort', 'La Yellow Room è una camera con finestra e bagno privato con doccia.\r\nLa camera è dotata di:\r\nBollitore per il thè, macchina per il caffè e tutto il necessario per una comoda colazione in camera all\'ora che più si desidera.\r\nLa camera è fornita di:\r\nAria condizionata\r\nTv\r\nWI-FI\r\nFinestre con isolamento acustico per garantire il massimo comfort durante il soggiorno e farvi sentire come a casa!\r\n\r\n- Vuoi prenotare un corso per imparare a fare la vera pizza napoletana? Chiedilo a noi!!', 1, 1, 2, 25, 'Via del Grande Archivio 19', 'Napoli', 40.849282, 14.259109, 'images/6U5LNWSNcBBLZVKcyWZTvtdxh1G5suUb1HOLIXPF.jpg', 1, 'yellow-room-downtown-comfort-pvt-bathroom-flat33-82470885', 4, '2021-06-23 06:45:25', '2021-06-23 12:34:48'),
(11, 'Appartamento Centro Storico Napoli Casa dei nonni', 'La casa dei nonni è un appartamento di 2 camere nel Centro storico di Napoli ristrutturato, posto ad un 1°piano con balcone e finestra con affaccio su strada e tutti i comfort quali wifi, aria condizionata 2tv satellitare,cucina con piano cottura,forno,frigo,ferro da stiro, asciugacapelli, macchina del caffè, bollitore si trova in \"via vergini\", di fronte al \"palazzo dello spagnolo\", a pochi passi da interessanti luoghi turistici e ai più centrali mezzi di trasporto (25 mt dalle metro 1e2)', 2, 1, 4, 40, 'Via Vergini, 40', 'Napoli', 40.856852, 14.255056, 'images/VG1CFGXv0hszOAmS91G7nCuYvoHRo8Y0mK0HG3b2.jpg', 1, 'appartamento-centro-storico-napoli-casa-dei-nonni-9957738', 5, '2021-06-23 12:31:19', '2021-06-23 12:31:50'),
(11, 'Blu Vesuvio', 'Blu Vesuvio - Blue - è un\'elegante stanza con bagno privato di circa 25 mq. molto luminoso e panoramico, finemente ristrutturato sito nel centro antico di Napoli.\r\n\r\nLa stanza è dotata di tutti i confort: ingresso indipendente, finestra a tre ante molto ampia e luminosa, aria condizionata, frigorifero, WiFi, TV, NETFLIX, una comoda ed elegante scrivania, armadio e un raffinatissimo bagno\r\n\r\nLa stanza è panoramica: dalla finestra si può scorgere il museo di capodimonte.', 1, 1, 2, 25, 'Via Matteo Renato Imbriani, 121', 'Napoli', 40.854730, 14.24022, 'images/ZxQtX8UBTsorQozqNN2izKp8f9Uvmzxk0VsvXeAu.jpg', 1, 'blu-vesuvio-20915699', 6, '2021-06-23 12:34:24', '2021-06-23 12:34:31'),
(11, 'Cerillo’sHouse Appartamento WiFi-A/C Centro Napoli', '\"Cerillo’s House\" è un appartamento al primo piano di un antico palazzo assoluto, in pieno centro storico, a due minuti a piedi dai principali mezzi di trasporto e servizi. Si disloca su un unico livello ed è costituito da una stanza da letto matrimoniale privata , un ampio living-room con divano letto matrimoniale per eventuali ospiti e bagno. Lo staff vive nel palazzo di fronte ed è presente per ogni evenienza.Vi consigliamo di proseguire nella lettura dell\'annuncio...', 2, 1, 4, 65, 'Vico Impagliafiaschi, 8', 'Napoli', 40.855927, 14.255334, 'images/5XvG1cvbXJuKh0kxmJwgokQgCuMoxjg0wmZNaybO.jpg', 1, 'cerilloshouse-appartamento-wifi-ac-centro-napoli-27569213', 7, '2021-06-23 12:37:40', '2021-06-23 12:37:40'),
(11, 'Dimora San Marcellino', 'Dimora San Marcellino è sita nel cuore del centro storico di Napoli, in un palazzo del 1500 . Ospita da 1 a 4 persone dotata di ingresso indipendente all\'interno del cortile, camera da letto, soggiorno con angolo cottura e divano letto, bagno . Vicinissima a San Gregorio Armeno famosa per l\'artigianato presepiale, alla Cappella San Severo dove potrete ammirare il Cristo Velato, al Duomo, a piazza San Domenico Maggiore a breve distanza dalla metropolitana e dalla stazione centrale.', 2, 1, 4, 30, 'Vico San Marcellino, 20', 'Napoli', 40.847230, 14.2574, 'images/v5nVCrnovXmnPn0LeEqmAgGCB7ZMb3m7uDLvMbWU.jpg', 1, 'dimora-san-marcellino-41339538', 8, '2021-06-23 12:54:23', '2021-06-23 12:54:23'),
(11, 'Casetta-Belvedere Dimora di charme con vista mare', '\"Casetta-Belvedere” fa parte di un\'antica villa del ‘600, costruita in splendida posizione sulla collina del Vomero. Silenziosa, ingresso indipendente e terrazza con vista sul mare, la deliziosa casa è a pochi passi da metropolitana e funicolari', 2, 2, 4, 70, 'Viale Belvedere', 'Napoli', 40.842000, 14.22273, 'images/9BDAI2IVBQfZgwGE0faO4ycV4qrLzmObAqdJD3ez.jpg', 1, 'casetta-belvedere-dimora-di-charme-con-vista-mare-18860438', 9, '2021-06-23 13:03:06', '2021-06-23 13:03:06'),
(11, 'S Gregorio Armeno Loft', 'Affascinante loft nel cuore del centro storico di Napoli, a pochi passi da S Gregorio Armeno e dalle principali attrazioni culturali della città partenopea. La posizione strategica rende questo appartamentino ideale per un soggiorno all insegna della cultura e dello svago.Un minuto a piedi dal Duomo, un minuto a piedi da Napoli sotterranea e s Gregorio Armeno.', 1, 1, 2, 25, 'Via San Gregorio Armeno, 25', 'Napoli', 40.849860, 14.25801, 'images/UNnT8oKG0hkliszpvqQH77OC0bfJLEXDC4k3YtvK.jpg', 1, 's-gregorio-armeno-loft-62952590', 10, '2021-06-23 13:06:14', '2021-06-23 13:06:14'),
(11, 'B&B Vico Milano 18 \"Sarracino\"', 'Ho pensato di mettere a disposizione il mio comfortissimo appartamento a tutti coloro che vogliono conoscere e scoprire questa bella città.\r\nIl B&B é totalmente nuovo, ha due bellissime camere ampie,luminose,con bagno privato e cassaforte, Il loro nome é Camera \"Sarracino\" e Camera \"Maruzella\" due nomi tipici Napoletani.\r\nL\'appartamento si trova al cuore di napoli e dista circa 500 m alla stazione centrale di Piazza Garibaldi e dai principali mezzi di trasporto.\r\nVi aspetto..!', 1, 1, 2, 25, 'Vico Milano 18', 'Napoli', 40.854390, 14.26827, 'images/S6urbIJfxgbMcU4U19u8aUaw1lOBvP4G0ieywsRq.jpg', 1, 'bb-vico-milano-18-sarracino-17014713', 11, '2021-06-23 13:32:58', '2021-06-23 13:33:14'),
(12, 'Casa Marco&Valeria', 'Piccolo e accogliente monolocale situato nella celeberrima Via Gluck, che ha visto crescere Adriano Celentano. A 9 minuti a piedi dalla stazione Centrale, in un condominio d\'epoca, potrete godere di un soggiorno in tutta tranquillità.\r\nAvrete in dotazione: un piccolo bagno privato, frigorifero, forno a microonde, piastra ad induzione, stoviglie, caffè, lavatrice, asciugacapelli, asciugamani, TV, Wi-fi, ventilatore elett, no air conditioning. 3° piano senza ascensore (3rd floor without elevator)', 2, 1, 2, 50, 'Via Gluck 12', 'Milano', 45.491770, 9.20779, 'images/bU8noQ9ADjxIrvZh55y4iAdPl1eQ6F5RDYaxnqFM.jpg', 1, 'casa-marcovaleria-22401027', 12, '2021-06-23 13:37:45', '2021-06-23 13:37:45'),
(12, 'Ampio monolocale in zona P. Romana', 'Caro ospite, l\'appartamento è situato in un quartiere molto trendy di Milano, molto vicino all\'università Bocconi, e a 10 minuti dal centro della città.\r\nSi chiama Porta Romana\".', 2, 1, 4, 30, 'Via Giulietta Pezzi, 10', 'Milano', 45.448590, 9.19672, 'images/QN7DEdOm0Spx3KXV07hkhQiIscWEcMJ2MJSYbjIe.jpg', 1, 'ampio-monolocale-in-zona-p-romana-28125966', 13, '2021-06-23 13:45:26', '2021-06-24 13:05:38'),
(12, 'Monolocale zona Navigli', 'Monolocale zona Navigli', 2, 1, 2, 50, 'Alzaia Naviglio Grande 45', 'Milano', 45.446670, 9.15001, 'images/JRFepIA9NYR9p9OoNdMz8wkOgG0asbYhEQkHycB1.jpg', 1, 'monolocale-zona-navigli-49546860', 14, '2021-06-23 13:47:11', '2021-06-23 13:51:24'),
(12, 'Splendida mansarda ben collegata', 'n nuova e lussuosa palazzina tra il centro di Milano e la fiera / EXPO, comodamente servita da mezzi pubblici, la mansarda dispone di ingresso indipendente con frigo bar, WIFI, aria condizionata, letto king-size, bagno privato con vasca e doccia', 2, 1, 2, 42, 'Via Antonio Pacinotti, 34', 'Milano', 45.565770, 8.88005, 'images/6HC9ADhimCGmHXzc8RcrqbOJZ45wCVXHPNIzubMY.jpg', 1, 'splendida-mansarda-ben-collegata-79393566', 15, '2021-06-23 13:49:45', '2021-06-23 13:49:45'),
(12, 'Green Peace Apartment', 'In the heart of Buenos Aires street,knowing as one of the most important shops street in Milan, you can find Debora Apartment, decorated with so much love, waiting to host you. We are Florida and Bruno, a young couple, loving the things they do and trying to satisfy all your expectations for a full relax vacation.', 2, 1, 4, 50, 'Corso Buenos Aires 200', 'Milano', 45.480070, 9.21068, 'images/XPSvNirVXRs3ZtGqmv4EkC2mKeeB6t5EiSknkrwo.jpg', 1, 'green-peace-apartment-25233533', 16, '2021-06-23 14:14:51', '2021-06-23 14:14:51'),
(12, 'Urban Jungle Villa', 'Villa located in a quiet courtyard at 2km from Duomo, and generally well connected to airports, train stations and other districts.\r\nThis is a very unique spot in Milan, as it surrounded by greenery, and tries to connect the indoor space with the outdoor, for a better living experience.', 3, 1, 4, 70, 'Via Agusto Anfossi, 43', 'Milano', 45.459750, 9.21177, 'images/jd8zjTpjWoyjWrSjyB7Yq2otU6tUWVwWgAeg2u0K.jpg', 1, 'urban-jungle-villa-85809324', 17, '2021-06-24 12:24:53', '2021-06-24 12:24:53'),
(12, 'Confortevole e luminoso appartamento di 90 mq', '90 mq. di comfort, qualità, stile.\r\n\r\nA pochi minuti di bus dal centro e a 5 minuti a piedi da via Tortona, una delle vie della moda.\r\n\r\nAl settimo piano, gode di una bella vista sulle Alpi. Cucina abitabile, ampia camera con comodo letto matrimoniale, bagno con ampia doccia.\r\n\r\nTV led 46\", lettore dvd con film, aria condizionata, ascensore, portineria, biancheria, asciugamani, phon.\r\n\r\nCucina abitabile, ampia camera con comodo letto matrimoniale, bagno con ampia doccia.', 1, 1, 2, 90, 'Via Privata Tobruk 2', 'Milano', 45.455920, 9.15175, 'images/M1zPwoEeqgCwPg1Kfxg0CvFUBKfWV2uhrO2K8HW4.jpg', 1, 'confortevole-e-luminoso-appartamento-di-90-mq-61402363', 18, '2021-06-24 12:27:48', '2021-06-24 12:27:48'),
(12, 'Contemporary 2 Bedroom Flat near University', 'Contemporary 2 Bedroom Flat si trova in una zona molto frequentata da studenti e turisti, nelle vicinanze dell’Università Cattolica e della fermata Sant’Ambrogio della metropolitana linea verde. In pochi minuti è possibile raggiungere il centro di Milano. A 200 metri è presente un fornitissimo supermercato.', 2, 1, 4, 80, 'Via Carroccio 13', 'Milano', 45.609920, 8.94757, 'images/zJlEtF0ZquaXLjHmu11GxYaxVssAy10rTsZsmBNp.jpg', 1, 'contemporary-2-bedroom-flat-near-university-14643303', 19, '2021-06-24 12:31:23', '2021-06-24 12:31:23'),
(12, 'Exciting Brera! Lovely flat', 'L’appartamento è in un palazzo signorile nel centro di Milano, a Brera, uno dei quartieri più eleganti e vivaci della città.\r\nSilenzioso, luminoso e spazioso è l\'ideale per 1 fino a 4/5 persone.', 3, 1, 5, 90, 'Largo Claudio Treves, 2', 'Milano', 45.475220, 9.18716, 'images/FqFFJH4Xf69VRCHC1k1Ru9bSFhcft0FIuoxhmUqr.jpg', 1, 'exciting-brera-lovely-flat-48522130', 20, '2021-06-24 12:38:10', '2021-06-24 12:38:10'),
(12, 'Loft Design & Vintage', 'Modern and elegant loft, just renovated, in a central and strategic position (1.5 km / 15 minutes walk from the Duomo and the fashion district) well served by public transport.', 2, 1, 2, 60, 'Via Pietro Calvi, 22', 'Milano', 45.463630, 9.21019, 'images/fXJMgUfuS5oqcbiL1weiSe3o3yQ56JkatyoQ9aL9.jpg', 1, 'loft-design-vintage-76303228', 21, '2021-06-24 12:41:52', '2021-06-24 12:41:52');

-- --------------------------------------------------------

--
-- Struttura della tabella `apartment_service`
--

CREATE TABLE `apartment_service` (
  `service_id` bigint(20) UNSIGNED NOT NULL,
  `apartment_id` bigint(20) UNSIGNED NOT NULL,
  `id` bigint(20) UNSIGNED NOT NULL,
  `created_at` timestamp NULL DEFAULT NULL,
  `updated_at` timestamp NULL DEFAULT NULL
) ENGINE=InnoDB DEFAULT CHARSET=utf8mb4 COLLATE=utf8mb4_unicode_ci;

--
-- Dump dei dati per la tabella `apartment_service`
--

INSERT INTO `apartment_service` (`service_id`, `apartment_id`, `id`, `created_at`, `updated_at`) VALUES
(1, 1, 1, NULL, NULL),
(2, 1, 2, NULL, NULL),
(4, 1, 3, NULL, NULL),
(8, 1, 4, NULL, NULL),
(10, 1, 5, NULL, NULL),
(11, 1, 6, NULL, NULL),
(12, 1, 7, NULL, NULL),
(1, 2, 8, NULL, NULL),
(11, 2, 9, NULL, NULL),
(12, 2, 10, NULL, NULL),
(5, 3, 11, NULL, NULL),
(7, 3, 12, NULL, NULL),
(10, 3, 13, NULL, NULL),
(12, 3, 14, NULL, NULL),
(14, 3, 15, NULL, NULL),
(2, 4, 16, NULL, NULL),
(5, 4, 17, NULL, NULL),
(6, 4, 18, NULL, NULL),
(7, 4, 19, NULL, NULL),
(9, 4, 20, NULL, NULL),
(10, 4, 21, NULL, NULL),
(11, 4, 22, NULL, NULL),
(12, 4, 23, NULL, NULL),
(13, 4, 24, NULL, NULL),
(14, 4, 25, NULL, NULL),
(1, 5, 26, NULL, NULL),
(3, 5, 27, NULL, NULL),
(10, 5, 28, NULL, NULL),
(11, 5, 29, NULL, NULL),
(12, 5, 30, NULL, NULL),
(14, 5, 31, NULL, NULL),
(2, 6, 32, NULL, NULL),
(7, 6, 33, NULL, NULL),
(10, 6, 34, NULL, NULL),
(12, 6, 35, NULL, NULL),
(14, 6, 36, NULL, NULL),
(1, 7, 37, NULL, NULL),
(2, 7, 38, NULL, NULL),
(5, 7, 39, NULL, NULL),
(10, 7, 40, NULL, NULL),
(11, 7, 41, NULL, NULL),
(12, 7, 42, NULL, NULL),
(14, 7, 43, NULL, NULL),
(1, 8, 44, NULL, NULL),
(2, 8, 45, NULL, NULL),
(10, 8, 46, NULL, NULL),
(11, 8, 47, NULL, NULL),
(12, 8, 48, NULL, NULL),
(1, 9, 49, NULL, NULL),
(2, 9, 50, NULL, NULL),
(10, 9, 51, NULL, NULL),
(12, 9, 52, NULL, NULL),
(14, 9, 53, NULL, NULL),
(1, 10, 54, NULL, NULL),
(2, 10, 55, NULL, NULL),
(10, 10, 56, NULL, NULL),
(12, 10, 57, NULL, NULL),
(14, 10, 58, NULL, NULL),
(2, 11, 59, NULL, NULL),
(10, 11, 60, NULL, NULL),
(11, 11, 61, NULL, NULL),
(12, 11, 62, NULL, NULL),
(13, 11, 63, NULL, NULL),
(14, 11, 64, NULL, NULL),
(1, 12, 65, NULL, NULL),
(2, 12, 66, NULL, NULL),
(3, 12, 67, NULL, NULL),
(9, 12, 68, NULL, NULL),
(10, 12, 69, NULL, NULL),
(11, 12, 70, NULL, NULL),
(12, 12, 71, NULL, NULL),
(13, 12, 72, NULL, NULL),
(14, 12, 73, NULL, NULL),
(16, 12, 74, NULL, NULL),
(1, 13, 75, NULL, NULL),
(2, 13, 76, NULL, NULL),
(7, 13, 77, NULL, NULL),
(9, 13, 78, NULL, NULL),
(10, 13, 79, NULL, NULL),
(12, 13, 80, NULL, NULL),
(13, 13, 81, NULL, NULL),
(14, 13, 82, NULL, NULL),
(16, 13, 83, NULL, NULL),
(1, 14, 84, NULL, NULL),
(2, 14, 85, NULL, NULL),
(7, 14, 86, NULL, NULL),
(10, 14, 87, NULL, NULL),
(12, 14, 88, NULL, NULL),
(14, 14, 89, NULL, NULL),
(1, 15, 90, NULL, NULL),
(2, 15, 91, NULL, NULL),
(5, 15, 92, NULL, NULL),
(6, 15, 93, NULL, NULL),
(7, 15, 94, NULL, NULL),
(8, 15, 95, NULL, NULL),
(9, 15, 96, NULL, NULL),
(10, 15, 97, NULL, NULL),
(11, 15, 98, NULL, NULL),
(12, 15, 99, NULL, NULL),
(14, 15, 100, NULL, NULL),
(16, 15, 101, NULL, NULL),
(1, 16, 102, NULL, NULL),
(2, 16, 103, NULL, NULL),
(3, 16, 104, NULL, NULL),
(5, 16, 105, NULL, NULL),
(6, 16, 106, NULL, NULL),
(11, 16, 107, NULL, NULL),
(12, 16, 108, NULL, NULL),
(14, 16, 109, NULL, NULL),
(16, 16, 110, NULL, NULL),
(1, 17, 111, NULL, NULL),
(2, 17, 112, NULL, NULL),
(5, 17, 113, NULL, NULL),
(6, 17, 114, NULL, NULL),
(7, 17, 115, NULL, NULL),
(10, 17, 116, NULL, NULL),
(11, 17, 117, NULL, NULL),
(12, 17, 118, NULL, NULL),
(13, 17, 119, NULL, NULL),
(16, 17, 120, NULL, NULL),
(1, 18, 121, NULL, NULL),
(2, 18, 122, NULL, NULL),
(9, 18, 123, NULL, NULL),
(10, 18, 124, NULL, NULL),
(11, 18, 125, NULL, NULL),
(12, 18, 126, NULL, NULL),
(16, 18, 127, NULL, NULL),
(1, 19, 128, NULL, NULL),
(2, 19, 129, NULL, NULL),
(10, 19, 130, NULL, NULL),
(11, 19, 131, NULL, NULL),
(12, 19, 132, NULL, NULL),
(16, 19, 133, NULL, NULL),
(1, 20, 134, NULL, NULL),
(2, 20, 135, NULL, NULL),
(4, 20, 136, NULL, NULL),
(5, 20, 137, NULL, NULL),
(6, 20, 138, NULL, NULL),
(7, 20, 139, NULL, NULL),
(8, 20, 140, NULL, NULL),
(10, 20, 141, NULL, NULL),
(11, 20, 142, NULL, NULL),
(12, 20, 143, NULL, NULL),
(13, 20, 144, NULL, NULL),
(14, 20, 145, NULL, NULL),
(16, 20, 146, NULL, NULL),
(1, 21, 147, NULL, NULL),
(8, 21, 148, NULL, NULL),
(10, 21, 149, NULL, NULL),
(11, 21, 150, NULL, NULL),
(12, 21, 151, NULL, NULL),
(16, 21, 152, NULL, NULL);

-- --------------------------------------------------------

--
-- Struttura della tabella `apartment_sponsor`
--

CREATE TABLE `apartment_sponsor` (
  `sponsor_id` bigint(20) UNSIGNED NOT NULL,
  `apartment_id` bigint(20) UNSIGNED NOT NULL,
  `expiration` datetime NOT NULL,
  `settled` tinyint(1) NOT NULL DEFAULT '0',
  `id` bigint(20) UNSIGNED NOT NULL,
  `created_at` timestamp NULL DEFAULT NULL,
  `updated_at` timestamp NULL DEFAULT NULL
) ENGINE=InnoDB DEFAULT CHARSET=utf8mb4 COLLATE=utf8mb4_unicode_ci;

--
-- Dump dei dati per la tabella `apartment_sponsor`
--

INSERT INTO `apartment_sponsor` (`sponsor_id`, `apartment_id`, `expiration`, `settled`, `id`, `created_at`, `updated_at`) VALUES
(3, 20, '2021-06-25 17:19:53', 1, 1, '2021-06-24 15:19:53', '2021-06-24 15:19:53'),
(3, 4, '2021-06-25 17:21:52', 1, 2, '2021-06-24 15:21:52', '2021-06-24 15:21:52');

-- --------------------------------------------------------

--
-- Struttura della tabella `failed_jobs`
--

CREATE TABLE `failed_jobs` (
  `id` bigint(20) UNSIGNED NOT NULL,
  `connection` text COLLATE utf8mb4_unicode_ci NOT NULL,
  `queue` text COLLATE utf8mb4_unicode_ci NOT NULL,
  `payload` longtext COLLATE utf8mb4_unicode_ci NOT NULL,
  `exception` longtext COLLATE utf8mb4_unicode_ci NOT NULL,
  `failed_at` timestamp NOT NULL DEFAULT CURRENT_TIMESTAMP
) ENGINE=InnoDB DEFAULT CHARSET=utf8mb4 COLLATE=utf8mb4_unicode_ci;

-- --------------------------------------------------------

--
-- Struttura della tabella `messages`
--

CREATE TABLE `messages` (
  `apartment_id` bigint(20) UNSIGNED NOT NULL,
  `email` varchar(100) COLLATE utf8mb4_unicode_ci NOT NULL,
  `content` text COLLATE utf8mb4_unicode_ci NOT NULL,
  `id` bigint(20) UNSIGNED NOT NULL,
  `created_at` timestamp NULL DEFAULT NULL,
  `updated_at` timestamp NULL DEFAULT NULL
) ENGINE=InnoDB DEFAULT CHARSET=utf8mb4 COLLATE=utf8mb4_unicode_ci;

--
-- Dump dei dati per la tabella `messages`
--

INSERT INTO `messages` (`apartment_id`, `email`, `content`, `id`, `created_at`, `updated_at`) VALUES
(1, 'koepp.cornell@yahoo.com', 'Eos mollitia quos.', 1, '2021-06-23 13:31:11', '2021-06-23 13:31:11'),
(1, 'rhoda59@yahoo.com', 'Molestiae ducimus quia et sit. Et quam a aut.', 2, '2021-06-23 13:31:11', '2021-06-23 13:31:11'),
(1, 'bennie87@hotmail.com', 'Voluptates sit rem alias et non rem.', 3, '2021-06-23 13:31:11', '2021-06-23 13:31:11'),
(1, 'destiney.morissette@hotmail.com', 'Sit quae dolor quia animi.', 4, '2021-06-23 13:31:11', '2021-06-23 13:31:11'),
(1, 'gus26@yahoo.com', 'Et magni hic vero et blanditiis suscipit.', 5, '2021-06-23 13:31:11', '2021-06-23 13:31:11'),
(1, 'bhagenes@klein.net', 'Deleniti est rerum ab est error vel.', 6, '2021-06-23 13:31:11', '2021-06-23 13:31:11'),
(2, 'agutmann@dubuque.com', 'Culpa cupiditate quae non eius quis sunt.', 7, '2021-06-23 13:31:11', '2021-06-23 13:31:11'),
(2, 'abernathy.derek@koelpin.com', 'Ut nesciunt dignissimos aut molestiae ut placeat quia.', 8, '2021-06-23 13:31:11', '2021-06-23 13:31:11'),
(2, 'lesch.kellen@yahoo.com', 'Perferendis est maxime eos.', 9, '2021-06-23 13:31:11', '2021-06-23 13:31:11'),
(2, 'spinka.erich@rippin.org', 'Ducimus nihil a corrupti. Reiciendis illo ut fuga et.', 10, '2021-06-23 13:31:11', '2021-06-23 13:31:11'),
(2, 'crist.berneice@cormier.org', 'Voluptatem ducimus minus impedit. Repellat ad est quia nam sed iure suscipit.', 11, '2021-06-23 13:31:11', '2021-06-23 13:31:11'),
(2, 'robert19@hotmail.com', 'Exercitationem quidem qui quis.', 12, '2021-06-23 13:31:11', '2021-06-23 13:31:11'),
(2, 'hirthe.therese@nitzsche.net', 'Eum voluptatem dolorem quo rerum autem.', 13, '2021-06-23 13:31:11', '2021-06-23 13:31:11'),
(2, 'lynch.jazlyn@aufderhar.com', 'Totam repudiandae aut est. Totam et et alias quia ipsa et aut.', 14, '2021-06-23 13:31:11', '2021-06-23 13:31:11'),
(2, 'rsmitham@kozey.com', 'Cumque aliquid facere culpa eum quas tempore.', 15, '2021-06-23 13:31:11', '2021-06-23 13:31:11'),
(3, 'heather.crist@hotmail.com', 'Illum quisquam dolorum aliquid earum aut libero.', 16, '2021-06-23 13:31:11', '2021-06-23 13:31:11'),
(3, 'kub.derek@yahoo.com', 'Aspernatur modi ut optio.', 17, '2021-06-23 13:31:11', '2021-06-23 13:31:11'),
(3, 'okling@hotmail.com', 'Fugit in hic magni ut facere hic earum.', 18, '2021-06-23 13:31:11', '2021-06-23 13:31:11'),
(5, 'juana26@rath.com', 'Voluptatem rem tenetur illo accusantium. Animi est aut natus.', 19, '2021-06-23 13:31:11', '2021-06-23 13:31:11'),
(5, 'gwatsica@yahoo.com', 'Non inventore autem deleniti est placeat.', 20, '2021-06-23 13:31:11', '2021-06-23 13:31:11'),
(5, 'bryce.graham@schimmel.net', 'Ut vitae dicta neque id iusto quia fugiat.', 21, '2021-06-23 13:31:11', '2021-06-23 13:31:11'),
(5, 'macejkovic.wilma@gusikowski.com', 'Sint voluptas ea eius. Autem quia eum sed omnis aut aspernatur.', 22, '2021-06-23 13:31:11', '2021-06-23 13:31:11'),
(5, 'mrosenbaum@hotmail.com', 'Neque rerum consequatur suscipit consequatur vero.', 23, '2021-06-23 13:31:11', '2021-06-23 13:31:11'),
(5, 'pat19@west.com', 'Reprehenderit ab et est.', 24, '2021-06-23 13:31:11', '2021-06-23 13:31:11'),
(6, 'kihn.simeon@yahoo.com', 'Et at quo et asperiores.', 25, '2021-06-23 13:31:11', '2021-06-23 13:31:11'),
(6, 'jacobi.dangelo@spinka.com', 'Voluptatem facere officia et porro et.', 26, '2021-06-23 13:31:11', '2021-06-23 13:31:11'),
(6, 'erdman.michael@yahoo.com', 'Commodi id occaecati fugit quidem delectus rem.', 27, '2021-06-23 13:31:11', '2021-06-23 13:31:11'),
(6, 'white.robbie@hotmail.com', 'Enim similique consequatur ad laudantium quaerat. Sit quis unde voluptatem esse labore aut odio.', 28, '2021-06-23 13:31:11', '2021-06-23 13:31:11'),
(7, 'ueffertz@hotmail.com', 'Qui sit placeat aliquam itaque.', 29, '2021-06-23 13:31:11', '2021-06-23 13:31:11'),
(9, 'hwintheiser@hotmail.com', 'Et et qui est qui aut cumque est. Maiores voluptates repellat quia ut.', 30, '2021-06-23 13:31:11', '2021-06-23 13:31:11'),
(9, 'zhilpert@vonrueden.biz', 'Dolores voluptatem ut ut et quia corporis voluptatem.', 31, '2021-06-23 13:31:11', '2021-06-23 13:31:11'),
(9, 'felton03@yahoo.com', 'Nisi non facere modi cum.', 32, '2021-06-23 13:31:11', '2021-06-23 13:31:11'),
(9, 'bobby46@homenick.com', 'Magni est debitis et aut.', 33, '2021-06-23 13:31:11', '2021-06-23 13:31:11'),
(9, 'logan57@davis.info', 'Est possimus ab et exercitationem autem ipsum et.', 34, '2021-06-23 13:31:11', '2021-06-23 13:31:11'),
(9, 'brooke81@rippin.com', 'Autem voluptatem libero nisi.', 35, '2021-06-23 13:31:11', '2021-06-23 13:31:11'),
(9, 'ofelia30@gmail.com', 'Delectus enim qui libero et dolores aspernatur. Molestiae et harum ex aut.', 36, '2021-06-23 13:31:11', '2021-06-23 13:31:11'),
(10, 'piper.gulgowski@yost.com', 'Molestiae sit porro ratione deleniti consequatur dolores.', 37, '2021-06-23 13:31:11', '2021-06-23 13:31:11'),
(21, 'franco@gmail.com', 'Buongiorno, sono Franco Francone e sono interessato al suo appartamento.', 38, '2021-06-24 13:02:56', '2021-06-24 13:02:56'),
(20, 'franco@gmail.com', 'Buongiorno, sono Franco Francone e sono interessato al suo appartamento.', 39, '2021-06-24 13:07:03', '2021-06-24 13:07:03'),
(20, 'pippo@pluto.it', 'Bellissimo appartamento', 40, '2021-04-13 15:11:49', NULL),
(20, 'a.giordano@aol.it', 'BELLISSIMO!', 41, '2021-06-24 13:14:42', '2021-06-24 13:14:42'),
(20, 'giorgio@sangiorgio.giorgio', 'Buongiorgio, voglio soggiorgiare da voi!', 42, '2021-03-10 16:17:10', NULL),
(2, 'a.giordano89@gmail.com', 'Ciao!', 43, '2021-06-28 07:06:56', '2021-06-28 07:06:56'),
(20, 'a.giordano89@gmail.com', 'Buongiorno!', 44, '2021-06-28 07:07:20', '2021-06-28 07:07:20');

-- --------------------------------------------------------

--
-- Struttura della tabella `migrations`
--

CREATE TABLE `migrations` (
  `id` int(10) UNSIGNED NOT NULL,
  `migration` varchar(255) COLLATE utf8mb4_unicode_ci NOT NULL,
  `batch` int(11) NOT NULL
) ENGINE=InnoDB DEFAULT CHARSET=utf8mb4 COLLATE=utf8mb4_unicode_ci;

--
-- Dump dei dati per la tabella `migrations`
--

INSERT INTO `migrations` (`id`, `migration`, `batch`) VALUES
(341, '2014_10_12_000000_create_users_table', 1),
(342, '2014_10_12_100000_create_password_resets_table', 1),
(343, '2019_08_19_000000_create_failed_jobs_table', 1),
(344, '2021_06_10_144955_create_apartments_table', 1),
(345, '2021_06_10_145041_create_messages_table', 1),
(346, '2021_06_10_145111_create_services_table', 1),
(347, '2021_06_10_145131_create_sponsors_table', 1),
(348, '2021_06_10_145215_create_apartment_service_table', 1),
(349, '2021_06_10_145409_create_apartment_sponsor_table', 1),
(350, '2021_06_10_145518_create_views_table', 1);

-- --------------------------------------------------------

--
-- Struttura della tabella `password_resets`
--

CREATE TABLE `password_resets` (
  `email` varchar(255) COLLATE utf8mb4_unicode_ci NOT NULL,
  `token` varchar(255) COLLATE utf8mb4_unicode_ci NOT NULL,
  `created_at` timestamp NULL DEFAULT NULL
) ENGINE=InnoDB DEFAULT CHARSET=utf8mb4 COLLATE=utf8mb4_unicode_ci;

-- --------------------------------------------------------

--
-- Struttura della tabella `services`
--

CREATE TABLE `services` (
  `name` varchar(30) COLLATE utf8mb4_unicode_ci NOT NULL,
  `icon_class` varchar(30) COLLATE utf8mb4_unicode_ci NOT NULL,
  `category` varchar(50) COLLATE utf8mb4_unicode_ci DEFAULT NULL,
  `id` bigint(20) UNSIGNED NOT NULL,
  `created_at` timestamp NULL DEFAULT NULL,
  `updated_at` timestamp NULL DEFAULT NULL
) ENGINE=InnoDB DEFAULT CHARSET=utf8mb4 COLLATE=utf8mb4_unicode_ci;

--
-- Dump dei dati per la tabella `services`
--

INSERT INTO `services` (`name`, `icon_class`, `category`, `id`, `created_at`, `updated_at`) VALUES
('cucina', 'fas fa-utensils', NULL, 1, '2021-06-23 06:18:48', '2021-06-23 06:18:48'),
('aria condizionata', 'fas fa-fan', NULL, 2, '2021-06-23 06:18:48', '2021-06-23 06:18:48'),
('asciugatrice', 'fas fa-wind', NULL, 3, '2021-06-23 06:18:48', '2021-06-23 06:18:48'),
('seggiolone', 'fas fa-baby', NULL, 4, '2021-06-23 06:18:48', '2021-06-23 06:18:48'),
('colazione', 'fas fa-coffee', NULL, 5, '2021-06-23 06:18:48', '2021-06-23 06:18:48'),
('ferro da stiro', 'fas fa-tshirt', NULL, 6, '2021-06-23 06:18:48', '2021-06-23 06:18:48'),
('spazio di lavoro dedicato', 'fas fa-briefcase', NULL, 7, '2021-06-23 06:18:48', '2021-06-23 06:18:48'),
('culla', 'fas fa-baby-carriage', NULL, 8, '2021-06-23 06:18:49', '2021-06-23 06:18:49'),
('self check-in', 'fas fa-key', NULL, 9, '2021-06-23 06:18:49', '2021-06-23 06:18:49'),
('tv', 'fas fa-tv', NULL, 10, '2021-06-23 06:18:49', '2021-06-23 06:18:49'),
('lavatrice', 'fas fa-soap', NULL, 11, '2021-06-23 06:18:49', '2021-06-23 06:18:49'),
('wi-fi', 'fas fa-wifi', NULL, 12, '2021-06-23 06:18:49', '2021-06-23 06:18:49'),
('riscaldamento', 'fas fa-thermometer-full', NULL, 13, '2021-06-23 06:18:49', '2021-06-23 06:18:49'),
('asciugacapelli', 'fas fa-bell', NULL, 14, '2021-06-23 06:18:49', '2021-06-23 06:18:49'),
('allarme antincendio', 'fab fa-free-code-camp', NULL, 15, '2021-06-23 06:18:49', '2021-06-23 06:18:49'),
('bagno privato', 'fas fa-bath', NULL, 16, '2021-06-23 06:18:49', '2021-06-23 06:18:49');

-- --------------------------------------------------------

--
-- Struttura della tabella `sponsors`
--

CREATE TABLE `sponsors` (
  `name` varchar(10) COLLATE utf8mb4_unicode_ci NOT NULL,
  `price` double(3,2) NOT NULL,
  `hours` smallint(6) NOT NULL,
  `id` bigint(20) UNSIGNED NOT NULL,
  `created_at` timestamp NULL DEFAULT NULL,
  `updated_at` timestamp NULL DEFAULT NULL
) ENGINE=InnoDB DEFAULT CHARSET=utf8mb4 COLLATE=utf8mb4_unicode_ci;

--
-- Dump dei dati per la tabella `sponsors`
--

INSERT INTO `sponsors` (`name`, `price`, `hours`, `id`, `created_at`, `updated_at`) VALUES
('Silver', 2.99, 24, 1, '2021-06-23 06:18:57', '2021-06-23 06:18:57'),
('Gold', 5.99, 72, 2, '2021-06-23 06:18:57', '2021-06-23 06:18:57'),
('Platinum', 9.99, 144, 3, '2021-06-23 06:18:57', '2021-06-23 06:18:57');

-- --------------------------------------------------------

--
-- Struttura della tabella `users`
--

CREATE TABLE `users` (
  `id` bigint(20) UNSIGNED NOT NULL,
  `name` varchar(50) COLLATE utf8mb4_unicode_ci NOT NULL,
  `last_name` varchar(50) COLLATE utf8mb4_unicode_ci NOT NULL,
  `email` varchar(100) COLLATE utf8mb4_unicode_ci NOT NULL,
  `password` varchar(255) COLLATE utf8mb4_unicode_ci NOT NULL,
  `birthday` date DEFAULT NULL,
  `email_verified_at` timestamp NULL DEFAULT NULL,
  `remember_token` varchar(100) COLLATE utf8mb4_unicode_ci DEFAULT NULL,
  `created_at` timestamp NULL DEFAULT NULL,
  `updated_at` timestamp NULL DEFAULT NULL
) ENGINE=InnoDB DEFAULT CHARSET=utf8mb4 COLLATE=utf8mb4_unicode_ci;

--
-- Dump dei dati per la tabella `users`
--

INSERT INTO `users` (`id`, `name`, `last_name`, `email`, `password`, `birthday`, `email_verified_at`, `remember_token`, `created_at`, `updated_at`) VALUES
(1, 'Alessandro', 'Giordano', 'a.giordano89@gmail.com', '$2y$10$Oz.qNH8./We8yJD6xuMhUeMgPO4l4g..fJk2B9qEhTcsQ0NATGq.C', '1989-05-12', NULL, NULL, '2021-06-23 06:13:05', '2021-06-23 06:13:05'),
(2, 'Kacie', 'Kuhic', 'chaya60@sawayn.com', '$2y$10$1sIoPRnYt880KI17KZrUrOT/bfKEKykzs9h.tFWIg2ZYu3/lnv1WW', '2019-10-08', NULL, NULL, '2021-06-23 06:19:08', '2021-06-23 06:19:08'),
(3, 'Otha', 'Braun', 'pfeffer.abigayle@gmail.com', '$2y$10$YOXmOZwsNOAp5Ro3lDKs1O8dtS2qVMU2GIKP7Q9rOp5CBdD5N0bJa', '2005-07-17', NULL, NULL, '2021-06-23 06:19:08', '2021-06-23 06:19:08'),
(4, 'Weldon', 'Howe', 'ykoepp@hotmail.com', '$2y$10$.RA24KbYAPOebVdU2UI9tO0gNpnNeiA3v2LLSRsdmPIapVvaO/5g.', '2002-05-07', NULL, NULL, '2021-06-23 06:19:08', '2021-06-23 06:19:08'),
(5, 'Jaeden', 'Price', 'max86@hotmail.com', '$2y$10$tGdg2ga6L8x1PRdELPqFDO4bt.tG1JKR4kXDzvC3yJib3zcnDetVW', '1982-01-21', NULL, NULL, '2021-06-23 06:19:08', '2021-06-23 06:19:08'),
(6, 'Cierra', 'Tillman', 'collin.hyatt@hotmail.com', '$2y$10$xFL9TpzIARMxk52fCrT0M.bHsQ9fXWUXE4MGjvuThc4UCuMO4ec5C', '2002-07-23', NULL, NULL, '2021-06-23 06:19:08', '2021-06-23 06:19:08'),
(7, 'Jaida', 'Kilback', 'ryleigh.price@herzog.info', '$2y$10$tdzX.Dq8ConDQ8xbJx92oOvKnirC9yNeDDg7vYrYGBGy79SKDvUxW', '2013-09-28', NULL, NULL, '2021-06-23 06:19:09', '2021-06-23 06:19:09'),
(8, 'Rolando', 'Zemlak', 'hbeahan@yahoo.com', '$2y$10$UAFVDOnb0VC3U7cV9NzAmuCewrLsgpp14Cp53xGv4aN.8NStyASiy', '1979-02-16', NULL, NULL, '2021-06-23 06:19:09', '2021-06-23 06:19:09'),
(9, 'Jimmy', 'Hessel', 'weber.angie@hotmail.com', '$2y$10$5xPoOT/EJnGCMYldQ8.xAOuGhzhFDvoxvd8xLZ9i8hFhbQ7jAY5au', '1974-05-03', NULL, NULL, '2021-06-23 06:19:09', '2021-06-23 06:19:09'),
(10, 'Zelma', 'Dietrich', 'botsford.jennyfer@hotmail.com', '$2y$10$9cIt6LhJneJRmbGGD5x/SeyzZBS0vqU.OSm6NFmUoGZ5cUN5i8NFG', '2020-06-27', NULL, NULL, '2021-06-23 06:19:09', '2021-06-23 06:19:09'),
(11, 'Franco', 'Francone', 'franco@gmail.com', '$2y$10$hq.4Ut/gFdgLZ3meXYhO7.rqyJtPmHzejl7Ec5zjoegDCESOIYzt6', '1970-01-01', NULL, NULL, '2021-06-23 06:19:09', '2021-06-23 06:19:09'),
(12, 'Ambrogio', 'Brambill', 'bauscia@gmail.com', '$2y$10$NZGCKMpHkNPQaF/Y6ovfbuMTrUk0IwB1xAQ09SZ6i4EMD/FTkVwPe', '1983-06-08', NULL, NULL, '2021-06-23 13:34:27', '2021-06-23 13:34:27');

-- --------------------------------------------------------

--
-- Struttura della tabella `views`
--

CREATE TABLE `views` (
  `apartment_id` bigint(20) UNSIGNED NOT NULL,
  `ip` varchar(39) COLLATE utf8mb4_unicode_ci NOT NULL,
  `id` bigint(20) UNSIGNED NOT NULL,
  `created_at` timestamp NULL DEFAULT NULL,
  `updated_at` timestamp NULL DEFAULT NULL
) ENGINE=InnoDB DEFAULT CHARSET=utf8mb4 COLLATE=utf8mb4_unicode_ci;

--
-- Dump dei dati per la tabella `views`
--

INSERT INTO `views` (`apartment_id`, `ip`, `id`, `created_at`, `updated_at`) VALUES
(2, '127.0.0.1', 1, '2021-05-19 12:37:58', '2021-06-23 12:37:58'),
(1, '53.52.150.81', 2, '2021-06-23 13:30:03', '2021-06-23 13:30:03'),
(1, '184.34.174.36', 3, '2021-06-23 13:30:03', '2021-06-23 13:30:03'),
(1, '135.99.70.198', 4, '2021-06-23 13:30:03', '2021-06-23 13:30:03'),
(1, '185.229.58.81', 5, '2021-06-23 13:30:03', '2021-06-23 13:30:03'),
(1, '244.108.192.41', 6, '2021-06-23 13:30:03', '2021-06-23 13:30:03'),
(1, '201.11.48.7', 7, '2021-06-23 13:30:03', '2021-06-23 13:30:03'),
(1, '228.47.197.187', 8, '2021-06-23 13:30:03', '2021-06-23 13:30:03'),
(1, '95.102.73.184', 9, '2021-06-23 13:30:03', '2021-06-23 13:30:03'),
(1, '189.251.247.25', 10, '2021-06-23 13:30:03', '2021-06-23 13:30:03'),
(1, '248.167.95.0', 11, '2021-06-23 13:30:03', '2021-06-23 13:30:03'),
(1, '93.227.187.252', 12, '2021-06-23 13:30:03', '2021-06-23 13:30:03'),
(1, '41.173.47.111', 13, '2021-06-23 13:30:03', '2021-06-23 13:30:03'),
(1, '184.16.15.78', 14, '2021-06-23 13:30:03', '2021-06-23 13:30:03'),
(1, '53.82.106.75', 15, '2021-06-23 13:30:03', '2021-06-23 13:30:03'),
(1, '193.223.202.27', 16, '2021-06-23 13:30:03', '2021-06-23 13:30:03'),
(1, '124.139.102.126', 17, '2021-06-23 13:30:03', '2021-06-23 13:30:03'),
(1, '236.194.75.166', 18, '2021-06-23 13:30:03', '2021-06-23 13:30:03'),
(1, '86.211.97.153', 19, '2021-06-23 13:30:03', '2021-06-23 13:30:03'),
(1, '76.197.12.27', 20, '2021-06-23 13:30:03', '2021-06-23 13:30:03'),
(1, '98.243.195.178', 21, '2021-06-23 13:30:03', '2021-06-23 13:30:03'),
(1, '126.134.86.41', 22, '2021-06-23 13:30:03', '2021-06-23 13:30:03'),
(2, '141.43.173.53', 23, '2021-06-23 13:30:03', '2021-06-23 13:30:03'),
(2, '85.98.242.163', 24, '2021-06-23 13:30:03', '2021-06-23 13:30:03'),
(2, '242.143.242.47', 25, '2021-06-23 13:30:03', '2021-06-23 13:30:03'),
(2, '237.148.203.12', 26, '2021-06-23 13:30:03', '2021-06-23 13:30:03'),
(2, '234.176.109.228', 27, '2021-06-23 13:30:03', '2021-06-23 13:30:03'),
(2, '42.190.225.76', 28, '2021-06-23 13:30:03', '2021-06-23 13:30:03'),
(2, '150.124.78.169', 29, '2021-06-23 13:30:03', '2021-06-23 13:30:03'),
(2, '191.106.235.213', 30, '2021-06-23 13:30:03', '2021-06-23 13:30:03'),
(2, '168.48.82.217', 31, '2021-06-23 13:30:03', '2021-06-23 13:30:03'),
(2, '170.75.167.149', 32, '2021-06-23 13:30:03', '2021-06-23 13:30:03'),
(2, '14.113.128.224', 33, '2021-06-23 13:30:03', '2021-06-23 13:30:03'),
(2, '209.51.91.24', 34, '2021-06-23 13:30:03', '2021-06-23 13:30:03'),
(2, '90.82.98.114', 35, '2021-06-23 13:30:03', '2021-06-23 13:30:03'),
(2, '72.49.26.93', 36, '2021-06-23 13:30:03', '2021-06-23 13:30:03'),
(2, '239.11.219.251', 37, '2021-06-23 13:30:03', '2021-06-23 13:30:03'),
(2, '252.110.84.138', 38, '2021-06-23 13:30:03', '2021-06-23 13:30:03'),
(2, '250.23.24.204', 39, '2021-06-23 13:30:03', '2021-06-23 13:30:03'),
(2, '14.105.173.75', 40, '2021-06-23 13:30:03', '2021-06-23 13:30:03'),
(2, '195.102.113.120', 41, '2021-06-23 13:30:03', '2021-06-23 13:30:03'),
(2, '134.215.135.226', 42, '2021-06-23 13:30:03', '2021-06-23 13:30:03'),
(2, '194.38.14.243', 43, '2021-06-23 13:30:03', '2021-06-23 13:30:03'),
(2, '39.210.166.188', 44, '2021-06-23 13:30:03', '2021-06-23 13:30:03'),
(2, '207.229.27.23', 45, '2021-06-23 13:30:03', '2021-06-23 13:30:03'),
(2, '70.48.43.112', 46, '2021-06-23 13:30:03', '2021-06-23 13:30:03'),
(2, '83.183.229.31', 47, '2021-06-23 13:30:03', '2021-06-23 13:30:03'),
(3, '78.8.224.17', 48, '2021-06-23 13:30:03', '2021-06-23 13:30:03'),
(3, '247.26.180.140', 49, '2021-06-23 13:30:03', '2021-06-23 13:30:03'),
(3, '16.118.248.242', 50, '2021-06-23 13:30:03', '2021-06-23 13:30:03'),
(3, '138.92.212.117', 51, '2021-06-23 13:30:03', '2021-06-23 13:30:03'),
(3, '196.240.191.178', 52, '2021-06-23 13:30:03', '2021-06-23 13:30:03'),
(3, '184.113.187.86', 53, '2021-06-23 13:30:03', '2021-06-23 13:30:03'),
(3, '242.185.132.189', 54, '2021-06-23 13:30:03', '2021-06-23 13:30:03'),
(3, '46.183.181.196', 55, '2021-06-23 13:30:03', '2021-06-23 13:30:03'),
(3, '233.22.228.141', 56, '2021-06-23 13:30:03', '2021-06-23 13:30:03'),
(3, '109.131.190.8', 57, '2021-06-23 13:30:03', '2021-06-23 13:30:03'),
(3, '66.208.153.80', 58, '2021-06-23 13:30:03', '2021-06-23 13:30:03'),
(3, '58.133.37.163', 59, '2021-06-23 13:30:03', '2021-06-23 13:30:03'),
(3, '243.95.199.226', 60, '2021-06-23 13:30:03', '2021-06-23 13:30:03'),
(3, '27.230.29.157', 61, '2021-06-23 13:30:03', '2021-06-23 13:30:03'),
(3, '193.205.38.135', 62, '2021-06-23 13:30:03', '2021-06-23 13:30:03'),
(3, '30.126.232.56', 63, '2021-06-23 13:30:03', '2021-06-23 13:30:03'),
(3, '147.147.252.89', 64, '2021-06-23 13:30:03', '2021-06-23 13:30:03'),
(3, '163.56.156.9', 65, '2021-06-23 13:30:03', '2021-06-23 13:30:03'),
(3, '26.73.206.24', 66, '2021-06-23 13:30:03', '2021-06-23 13:30:03'),
(3, '54.200.92.245', 67, '2021-06-23 13:30:03', '2021-06-23 13:30:03'),
(3, '93.153.58.218', 68, '2021-06-23 13:30:03', '2021-06-23 13:30:03'),
(3, '213.11.85.106', 69, '2021-06-23 13:30:03', '2021-06-23 13:30:03'),
(3, '2.201.100.126', 70, '2021-06-23 13:30:03', '2021-06-23 13:30:03'),
(3, '183.192.122.22', 71, '2021-06-23 13:30:03', '2021-06-23 13:30:03'),
(3, '96.127.119.137', 72, '2021-06-23 13:30:03', '2021-06-23 13:30:03'),
(3, '97.234.207.167', 73, '2021-06-23 13:30:03', '2021-06-23 13:30:03'),
(3, '70.203.197.220', 74, '2021-06-23 13:30:03', '2021-06-23 13:30:03'),
(4, '46.182.169.30', 75, '2021-06-23 13:30:03', '2021-06-23 13:30:03'),
(4, '110.25.105.195', 76, '2021-06-23 13:30:03', '2021-06-23 13:30:03'),
(4, '126.208.188.6', 77, '2021-06-23 13:30:03', '2021-06-23 13:30:03'),
(4, '237.192.13.233', 78, '2021-06-23 13:30:03', '2021-06-23 13:30:03'),
(4, '28.149.59.2', 79, '2021-06-23 13:30:03', '2021-06-23 13:30:03'),
(4, '229.31.13.167', 80, '2021-06-23 13:30:03', '2021-06-23 13:30:03'),
(4, '5.255.235.248', 81, '2021-06-23 13:30:03', '2021-06-23 13:30:03'),
(4, '182.77.238.116', 82, '2021-06-23 13:30:03', '2021-06-23 13:30:03'),
(4, '95.47.175.227', 83, '2021-06-23 13:30:03', '2021-06-23 13:30:03'),
(4, '66.109.21.209', 84, '2021-06-23 13:30:03', '2021-06-23 13:30:03'),
(4, '241.98.16.16', 85, '2021-06-23 13:30:03', '2021-06-23 13:30:03'),
(4, '12.58.238.212', 86, '2021-06-23 13:30:03', '2021-06-23 13:30:03'),
(4, '19.246.74.161', 87, '2021-06-23 13:30:03', '2021-06-23 13:30:03'),
(4, '13.86.238.208', 88, '2021-06-23 13:30:03', '2021-06-23 13:30:03'),
(4, '9.15.232.58', 89, '2021-06-23 13:30:03', '2021-06-23 13:30:03'),
(4, '7.83.149.205', 90, '2021-06-23 13:30:03', '2021-06-23 13:30:03'),
(4, '181.140.191.9', 91, '2021-06-23 13:30:03', '2021-06-23 13:30:03'),
(4, '112.150.175.161', 92, '2021-06-23 13:30:03', '2021-06-23 13:30:03'),
(4, '95.23.144.144', 93, '2021-06-23 13:30:03', '2021-06-23 13:30:03'),
(4, '127.186.50.235', 94, '2021-06-23 13:30:03', '2021-06-23 13:30:03'),
(4, '159.58.21.245', 95, '2021-06-23 13:30:03', '2021-06-23 13:30:03'),
(4, '213.5.187.233', 96, '2021-06-23 13:30:03', '2021-06-23 13:30:03'),
(4, '148.123.10.78', 97, '2021-06-23 13:30:03', '2021-06-23 13:30:03'),
(4, '138.147.111.237', 98, '2021-06-23 13:30:03', '2021-06-23 13:30:03'),
(5, '166.222.6.196', 99, '2021-06-23 13:30:03', '2021-06-23 13:30:03'),
(5, '116.240.23.28', 100, '2021-06-23 13:30:03', '2021-06-23 13:30:03'),
(5, '185.226.255.99', 101, '2021-06-23 13:30:03', '2021-06-23 13:30:03'),
(5, '204.138.201.205', 102, '2021-06-23 13:30:03', '2021-06-23 13:30:03'),
(5, '184.208.183.104', 103, '2021-06-23 13:30:03', '2021-06-23 13:30:03'),
(5, '253.35.145.103', 104, '2021-06-23 13:30:03', '2021-06-23 13:30:03'),
(5, '214.187.119.37', 105, '2021-06-23 13:30:03', '2021-06-23 13:30:03'),
(5, '215.83.152.91', 106, '2021-06-23 13:30:03', '2021-06-23 13:30:03'),
(5, '79.19.109.169', 107, '2021-06-23 13:30:03', '2021-06-23 13:30:03'),
(5, '121.12.143.135', 108, '2021-06-23 13:30:03', '2021-06-23 13:30:03'),
(5, '55.183.40.192', 109, '2021-06-23 13:30:03', '2021-06-23 13:30:03'),
(5, '34.123.211.108', 110, '2021-06-23 13:30:03', '2021-06-23 13:30:03'),
(5, '147.185.123.68', 111, '2021-06-23 13:30:03', '2021-06-23 13:30:03'),
(5, '234.117.214.62', 112, '2021-06-23 13:30:03', '2021-06-23 13:30:03'),
(5, '104.62.133.123', 113, '2021-06-23 13:30:03', '2021-06-23 13:30:03'),
(5, '175.62.81.0', 114, '2021-06-23 13:30:03', '2021-06-23 13:30:03'),
(5, '164.120.155.41', 115, '2021-06-23 13:30:03', '2021-06-23 13:30:03'),
(5, '99.46.181.128', 116, '2021-06-23 13:30:03', '2021-06-23 13:30:03'),
(5, '111.140.199.112', 117, '2021-06-23 13:30:03', '2021-06-23 13:30:03'),
(5, '92.164.226.41', 118, '2021-06-23 13:30:03', '2021-06-23 13:30:03'),
(5, '194.81.181.171', 119, '2021-06-23 13:30:03', '2021-06-23 13:30:03'),
(5, '70.136.248.247', 120, '2021-06-23 13:30:03', '2021-06-23 13:30:03'),
(5, '252.38.185.165', 121, '2021-06-23 13:30:03', '2021-06-23 13:30:03'),
(5, '17.237.50.119', 122, '2021-06-23 13:30:03', '2021-06-23 13:30:03'),
(5, '243.142.249.102', 123, '2021-06-23 13:30:03', '2021-06-23 13:30:03'),
(5, '97.77.60.228', 124, '2021-06-23 13:30:03', '2021-06-23 13:30:03'),
(6, '212.152.32.247', 125, '2021-06-23 13:30:03', '2021-06-23 13:30:03'),
(6, '87.140.166.213', 126, '2021-06-23 13:30:03', '2021-06-23 13:30:03'),
(6, '135.66.34.157', 127, '2021-06-23 13:30:03', '2021-06-23 13:30:03'),
(6, '39.145.6.172', 128, '2021-06-23 13:30:03', '2021-06-23 13:30:03'),
(6, '195.210.115.23', 129, '2021-06-23 13:30:03', '2021-06-23 13:30:03'),
(6, '32.41.59.82', 130, '2021-06-23 13:30:03', '2021-06-23 13:30:03'),
(6, '67.114.17.154', 131, '2021-06-23 13:30:03', '2021-06-23 13:30:03'),
(6, '96.112.95.105', 132, '2021-06-23 13:30:03', '2021-06-23 13:30:03'),
(6, '217.159.12.23', 133, '2021-06-23 13:30:03', '2021-06-23 13:30:03'),
(6, '244.63.100.31', 134, '2021-06-23 13:30:03', '2021-06-23 13:30:03'),
(6, '211.205.10.80', 135, '2021-06-23 13:30:03', '2021-06-23 13:30:03'),
(6, '193.239.43.117', 136, '2021-06-23 13:30:03', '2021-06-23 13:30:03'),
(6, '237.187.97.82', 137, '2021-06-23 13:30:03', '2021-06-23 13:30:03'),
(6, '198.127.24.188', 138, '2021-06-23 13:30:03', '2021-06-23 13:30:03'),
(6, '154.26.156.193', 139, '2021-06-23 13:30:03', '2021-06-23 13:30:03'),
(6, '98.171.194.252', 140, '2021-06-23 13:30:03', '2021-06-23 13:30:03'),
(6, '98.55.150.142', 141, '2021-06-23 13:30:03', '2021-06-23 13:30:03'),
(6, '142.80.48.55', 142, '2021-06-23 13:30:03', '2021-06-23 13:30:03'),
(6, '210.69.125.195', 143, '2021-06-23 13:30:03', '2021-06-23 13:30:03'),
(6, '222.151.149.3', 144, '2021-06-23 13:30:03', '2021-06-23 13:30:03'),
(6, '171.219.120.12', 145, '2021-06-23 13:30:03', '2021-06-23 13:30:03'),
(6, '181.189.98.57', 146, '2021-06-23 13:30:03', '2021-06-23 13:30:03'),
(6, '234.46.217.230', 147, '2021-06-23 13:30:03', '2021-06-23 13:30:03'),
(6, '112.141.238.231', 148, '2021-06-23 13:30:03', '2021-06-23 13:30:03'),
(6, '87.79.235.45', 149, '2021-06-23 13:30:03', '2021-06-23 13:30:03'),
(7, '5.41.222.83', 150, '2021-06-23 13:30:03', '2021-06-23 13:30:03'),
(7, '168.158.193.188', 151, '2021-06-23 13:30:03', '2021-06-23 13:30:03'),
(7, '28.201.27.194', 152, '2021-06-23 13:30:03', '2021-06-23 13:30:03'),
(7, '3.2.29.113', 153, '2021-06-23 13:30:03', '2021-06-23 13:30:03'),
(7, '246.178.214.251', 154, '2021-06-23 13:30:03', '2021-06-23 13:30:03'),
(7, '66.86.93.120', 155, '2021-06-23 13:30:03', '2021-06-23 13:30:03'),
(7, '134.170.231.4', 156, '2021-06-23 13:30:03', '2021-06-23 13:30:03'),
(7, '123.210.83.53', 157, '2021-06-23 13:30:03', '2021-06-23 13:30:03'),
(7, '217.80.179.125', 158, '2021-06-23 13:30:03', '2021-06-23 13:30:03'),
(7, '154.235.208.51', 159, '2021-06-23 13:30:03', '2021-06-23 13:30:03'),
(7, '141.74.113.10', 160, '2021-06-23 13:30:03', '2021-06-23 13:30:03'),
(7, '169.239.132.125', 161, '2021-06-23 13:30:03', '2021-06-23 13:30:03'),
(7, '48.170.118.40', 162, '2021-06-23 13:30:03', '2021-06-23 13:30:03'),
(7, '224.117.7.35', 163, '2021-06-23 13:30:03', '2021-06-23 13:30:03'),
(7, '78.117.98.90', 164, '2021-06-23 13:30:03', '2021-06-23 13:30:03'),
(7, '154.5.91.67', 165, '2021-06-23 13:30:03', '2021-06-23 13:30:03'),
(7, '179.208.17.97', 166, '2021-06-23 13:30:03', '2021-06-23 13:30:03'),
(7, '35.191.120.196', 167, '2021-06-23 13:30:03', '2021-06-23 13:30:03'),
(7, '214.28.99.16', 168, '2021-06-23 13:30:03', '2021-06-23 13:30:03'),
(7, '137.10.228.121', 169, '2021-06-23 13:30:03', '2021-06-23 13:30:03'),
(7, '244.135.183.82', 170, '2021-06-23 13:30:03', '2021-06-23 13:30:03'),
(7, '181.103.62.219', 171, '2021-06-23 13:30:03', '2021-06-23 13:30:03'),
(7, '98.187.163.50', 172, '2021-06-23 13:30:03', '2021-06-23 13:30:03'),
(7, '88.106.163.168', 173, '2021-06-23 13:30:03', '2021-06-23 13:30:03'),
(7, '250.223.187.252', 174, '2021-06-23 13:30:03', '2021-06-23 13:30:03'),
(7, '232.203.147.215', 175, '2021-06-23 13:30:03', '2021-06-23 13:30:03'),
(8, '231.8.102.10', 176, '2021-06-23 13:30:03', '2021-06-23 13:30:03'),
(8, '169.102.7.63', 177, '2021-06-23 13:30:03', '2021-06-23 13:30:03'),
(8, '221.36.219.254', 178, '2021-06-23 13:30:03', '2021-06-23 13:30:03'),
(8, '134.230.200.185', 179, '2021-06-23 13:30:03', '2021-06-23 13:30:03'),
(8, '48.39.102.247', 180, '2021-06-23 13:30:04', '2021-06-23 13:30:04'),
(8, '167.46.228.46', 181, '2021-06-23 13:30:04', '2021-06-23 13:30:04'),
(8, '237.219.207.250', 182, '2021-06-23 13:30:04', '2021-06-23 13:30:04'),
(8, '57.31.241.229', 183, '2021-06-23 13:30:04', '2021-06-23 13:30:04'),
(8, '36.74.187.15', 184, '2021-06-23 13:30:04', '2021-06-23 13:30:04'),
(8, '168.250.63.0', 185, '2021-06-23 13:30:04', '2021-06-23 13:30:04'),
(8, '87.148.186.141', 186, '2021-06-23 13:30:04', '2021-06-23 13:30:04'),
(8, '84.138.57.32', 187, '2021-06-23 13:30:04', '2021-06-23 13:30:04'),
(8, '19.54.208.82', 188, '2021-06-23 13:30:04', '2021-06-23 13:30:04'),
(8, '53.89.124.84', 189, '2021-06-23 13:30:04', '2021-06-23 13:30:04'),
(8, '115.154.154.240', 190, '2021-06-23 13:30:04', '2021-06-23 13:30:04'),
(8, '51.217.176.109', 191, '2021-06-23 13:30:04', '2021-06-23 13:30:04'),
(8, '92.32.43.22', 192, '2021-06-23 13:30:04', '2021-06-23 13:30:04'),
(8, '111.25.150.11', 193, '2021-06-23 13:30:04', '2021-06-23 13:30:04'),
(8, '104.135.154.137', 194, '2021-06-23 13:30:04', '2021-06-23 13:30:04'),
(8, '193.118.59.214', 195, '2021-06-23 13:30:04', '2021-06-23 13:30:04'),
(8, '208.143.110.159', 196, '2021-06-23 13:30:04', '2021-06-23 13:30:04'),
(8, '232.42.202.191', 197, '2021-06-23 13:30:04', '2021-06-23 13:30:04'),
(8, '109.185.53.116', 198, '2021-06-23 13:30:04', '2021-06-23 13:30:04'),
(9, '183.115.84.177', 199, '2021-06-23 13:30:04', '2021-06-23 13:30:04'),
(9, '202.190.214.197', 200, '2021-06-23 13:30:04', '2021-06-23 13:30:04'),
(9, '19.97.8.129', 201, '2021-06-23 13:30:04', '2021-06-23 13:30:04'),
(9, '105.52.127.216', 202, '2021-06-23 13:30:04', '2021-06-23 13:30:04'),
(9, '94.111.56.157', 203, '2021-06-23 13:30:04', '2021-06-23 13:30:04'),
(9, '130.213.145.122', 204, '2021-06-23 13:30:04', '2021-06-23 13:30:04'),
(9, '105.83.111.180', 205, '2021-06-23 13:30:04', '2021-06-23 13:30:04'),
(9, '30.57.173.34', 206, '2021-06-23 13:30:04', '2021-06-23 13:30:04'),
(9, '90.85.172.151', 207, '2021-06-23 13:30:04', '2021-06-23 13:30:04'),
(9, '246.128.230.142', 208, '2021-06-23 13:30:04', '2021-06-23 13:30:04'),
(9, '156.210.14.122', 209, '2021-06-23 13:30:04', '2021-06-23 13:30:04'),
(9, '227.247.58.180', 210, '2021-06-23 13:30:04', '2021-06-23 13:30:04'),
(9, '51.97.202.19', 211, '2021-06-23 13:30:04', '2021-06-23 13:30:04'),
(9, '112.90.183.139', 212, '2021-06-23 13:30:04', '2021-06-23 13:30:04'),
(9, '19.76.149.227', 213, '2021-06-23 13:30:04', '2021-06-23 13:30:04'),
(9, '207.157.225.198', 214, '2021-06-23 13:30:04', '2021-06-23 13:30:04'),
(9, '72.129.86.78', 215, '2021-06-23 13:30:04', '2021-06-23 13:30:04'),
(9, '213.93.37.141', 216, '2021-06-23 13:30:04', '2021-06-23 13:30:04'),
(9, '3.221.115.167', 217, '2021-06-23 13:30:04', '2021-06-23 13:30:04'),
(9, '224.130.43.92', 218, '2021-06-23 13:30:04', '2021-06-23 13:30:04'),
(9, '117.136.71.10', 219, '2021-06-23 13:30:04', '2021-06-23 13:30:04'),
(9, '128.209.254.63', 220, '2021-06-23 13:30:04', '2021-06-23 13:30:04'),
(9, '42.131.211.0', 221, '2021-06-23 13:30:04', '2021-06-23 13:30:04'),
(9, '146.188.72.146', 222, '2021-06-23 13:30:04', '2021-06-23 13:30:04'),
(10, '120.185.106.18', 223, '2021-06-23 13:30:04', '2021-06-23 13:30:04'),
(10, '197.11.17.224', 224, '2021-06-23 13:30:04', '2021-06-23 13:30:04'),
(10, '150.232.188.239', 225, '2021-06-23 13:30:04', '2021-06-23 13:30:04'),
(10, '121.111.119.83', 226, '2021-06-23 13:30:04', '2021-06-23 13:30:04'),
(10, '176.133.57.240', 227, '2021-06-23 13:30:04', '2021-06-23 13:30:04'),
(10, '42.115.239.140', 228, '2021-06-23 13:30:04', '2021-06-23 13:30:04'),
(10, '237.1.193.235', 229, '2021-06-23 13:30:04', '2021-06-23 13:30:04'),
(10, '251.75.162.133', 230, '2021-06-23 13:30:04', '2021-06-23 13:30:04'),
(10, '121.128.253.45', 231, '2021-06-23 13:30:04', '2021-06-23 13:30:04'),
(10, '171.11.188.62', 232, '2021-06-23 13:30:04', '2021-06-23 13:30:04'),
(10, '100.105.107.71', 233, '2021-06-23 13:30:04', '2021-06-23 13:30:04'),
(10, '78.226.78.177', 234, '2021-06-23 13:30:04', '2021-06-23 13:30:04'),
(10, '39.244.250.161', 235, '2021-06-23 13:30:04', '2021-06-23 13:30:04'),
(10, '138.196.168.142', 236, '2021-06-23 13:30:04', '2021-06-23 13:30:04'),
(10, '71.79.155.197', 237, '2021-06-23 13:30:04', '2021-06-23 13:30:04'),
(10, '44.148.238.95', 238, '2021-06-23 13:30:04', '2021-06-23 13:30:04'),
(10, '69.142.75.168', 239, '2021-06-23 13:30:04', '2021-06-23 13:30:04'),
(10, '238.119.98.106', 240, '2021-06-23 13:30:04', '2021-06-23 13:30:04'),
(10, '40.194.19.89', 241, '2021-06-23 13:30:04', '2021-06-23 13:30:04'),
(10, '1.113.187.84', 242, '2021-06-23 13:30:04', '2021-06-23 13:30:04'),
(10, '204.108.94.239', 243, '2021-06-23 13:30:04', '2021-06-23 13:30:04'),
(10, '134.170.123.137', 244, '2021-06-23 13:30:04', '2021-06-23 13:30:04'),
(10, '112.191.107.19', 245, '2021-06-23 13:30:04', '2021-06-23 13:30:04'),
(15, '127.0.0.1', 246, '2021-06-23 13:51:51', '2021-06-23 13:51:51'),
(1, '127.0.0.1', 247, '2021-06-24 12:43:15', '2021-06-24 12:43:15'),
(13, '12', 248, '2021-05-04 14:51:20', NULL),
(13, '12', 249, '2021-05-05 14:51:20', NULL),
(13, '12', 250, '2021-05-11 14:57:52', NULL),
(13, '12', 251, '2021-05-03 14:57:52', NULL),
(13, '235', 252, '2021-04-13 14:58:36', NULL),
(13, '42653', 253, '2021-04-06 14:58:36', NULL),
(13, '356463', 254, '2021-04-22 14:59:44', NULL),
(13, '42453', 255, '2021-03-17 15:59:44', NULL),
(13, '234', 256, '2021-02-02 16:00:05', NULL),
(13, '234', 257, '2021-02-09 16:00:05', NULL),
(13, '235', 258, NULL, NULL),
(13, '12', 259, '2021-01-05 16:00:55', NULL),
(21, '127.0.0.1', 260, '2021-06-24 13:02:28', '2021-06-24 13:02:28'),
(20, '127.0.0.1', 261, '2021-06-24 13:06:38', '2021-06-24 13:06:38'),
(20, '12', 262, '2021-05-13 16:56:00', NULL),
(20, '42653', 263, '2021-05-03 14:57:52', NULL),
(20, '235', 264, '2021-04-13 15:07:38', NULL),
(20, '42653', 265, '2021-04-06 14:58:36', NULL),
(20, '356463', 266, NULL, NULL),
(20, '42653', 267, '2021-02-09 16:00:05', NULL),
(20, '32543465', 268, '2021-03-10 16:18:20', NULL),
(20, '346263', 269, '2021-03-18 16:18:20', NULL),
(1, '235.95.125.71', 270, '2021-02-10 14:49:08', '2021-02-10 14:49:08'),
(1, '93.107.202.181', 271, '2021-02-19 14:49:08', '2021-02-19 14:49:08'),
(1, '85.86.16.3', 272, '2020-08-20 13:49:08', '2020-08-20 13:49:08'),
(1, '220.95.36.168', 273, '2020-10-19 13:49:08', '2020-10-19 13:49:08'),
(1, '211.68.250.144', 274, '2021-05-08 13:49:08', '2021-05-08 13:49:08'),
(1, '83.90.80.201', 275, '2020-11-14 14:49:08', '2020-11-14 14:49:08'),
(1, '29.128.116.219', 276, '2020-12-11 14:49:08', '2020-12-11 14:49:08'),
(1, '29.208.61.208', 277, '2021-01-18 14:49:08', '2021-01-18 14:49:08'),
(1, '186.29.206.119', 278, '2021-04-28 13:49:08', '2021-04-28 13:49:08'),
(1, '226.109.46.73', 279, '2020-10-31 14:49:08', '2020-10-31 14:49:08'),
(1, '192.90.172.242', 280, '2020-08-02 13:49:08', '2020-08-02 13:49:08'),
(1, '33.69.89.40', 281, '2020-10-12 13:49:08', '2020-10-12 13:49:08'),
(1, '169.98.109.14', 282, '2020-10-21 13:49:08', '2020-10-21 13:49:08'),
(1, '65.154.165.95', 283, '2020-08-22 13:49:08', '2020-08-22 13:49:08'),
(1, '13.82.71.249', 284, '2021-06-18 13:49:08', '2021-06-18 13:49:08'),
(1, '3.35.118.59', 285, '2020-10-21 13:49:08', '2020-10-21 13:49:08'),
(1, '179.67.113.199', 286, '2021-01-06 14:49:08', '2021-01-06 14:49:08'),
(1, '110.17.106.243', 287, '2020-07-18 13:49:08', '2020-07-18 13:49:08'),
(1, '47.24.59.11', 288, '2020-08-19 13:49:08', '2020-08-19 13:49:08'),
(1, '58.74.74.222', 289, '2021-03-12 14:49:08', '2021-03-12 14:49:08'),
(1, '56.147.158.98', 290, '2020-11-06 14:49:08', '2020-11-06 14:49:08'),
(1, '224.217.242.113', 291, '2021-03-06 14:49:08', '2021-03-06 14:49:08'),
(2, '231.11.60.183', 292, '2021-06-20 13:49:08', '2021-06-20 13:49:08'),
(2, '222.192.74.31', 293, '2020-11-28 14:49:08', '2020-11-28 14:49:08'),
(2, '64.137.137.66', 294, '2021-04-02 13:49:09', '2021-04-02 13:49:09'),
(2, '147.255.67.21', 295, '2020-11-23 14:49:09', '2020-11-23 14:49:09'),
(2, '69.158.5.239', 296, '2020-08-02 13:49:09', '2020-08-02 13:49:09'),
(2, '84.215.171.213', 297, '2021-02-17 14:49:09', '2021-02-17 14:49:09'),
(2, '185.105.252.246', 298, '2020-12-15 14:49:09', '2020-12-15 14:49:09'),
(2, '200.17.57.177', 299, '2021-03-23 14:49:09', '2021-03-23 14:49:09'),
(2, '8.168.48.66', 300, '2020-10-16 13:49:09', '2020-10-16 13:49:09'),
(2, '90.194.154.183', 301, '2021-02-08 14:49:09', '2021-02-08 14:49:09'),
(2, '84.28.253.207', 302, '2020-10-22 13:49:09', '2020-10-22 13:49:09'),
(2, '28.61.32.103', 303, '2020-11-18 14:49:09', '2020-11-18 14:49:09'),
(2, '153.175.149.209', 304, '2020-12-09 14:49:09', '2020-12-09 14:49:09'),
(2, '44.74.89.54', 305, '2021-05-28 13:49:09', '2021-05-28 13:49:09'),
(2, '117.6.0.190', 306, '2021-03-13 14:49:09', '2021-03-13 14:49:09'),
(2, '150.192.241.88', 307, '2021-05-07 13:49:09', '2021-05-07 13:49:09'),
(2, '69.224.209.85', 308, '2020-07-23 13:49:09', '2020-07-23 13:49:09'),
(2, '38.20.144.202', 309, '2021-03-21 14:49:09', '2021-03-21 14:49:09'),
(2, '201.101.173.149', 310, '2021-03-18 14:49:09', '2021-03-18 14:49:09'),
(2, '159.66.5.81', 311, '2020-11-04 14:49:09', '2020-11-04 14:49:09'),
(2, '203.110.228.157', 312, '2021-05-17 13:49:09', '2021-05-17 13:49:09'),
(2, '135.51.117.33', 313, '2020-07-20 13:49:09', '2020-07-20 13:49:09'),
(2, '64.83.117.116', 314, '2020-12-18 14:49:09', '2020-12-18 14:49:09'),
(2, '201.208.18.120', 315, '2020-08-19 13:49:09', '2020-08-19 13:49:09'),
(2, '21.45.21.29', 316, '2021-02-24 14:49:09', '2021-02-24 14:49:09'),
(2, '245.149.88.37', 317, '2020-08-01 13:49:09', '2020-08-01 13:49:09'),
(2, '65.89.36.54', 318, '2021-03-07 14:49:09', '2021-03-07 14:49:09'),
(2, '251.10.42.222', 319, '2020-07-11 13:49:09', '2020-07-11 13:49:09'),
(2, '18.179.197.50', 320, '2021-03-18 14:49:09', '2021-03-18 14:49:09'),
(3, '237.131.107.119', 321, '2020-08-07 13:49:09', '2020-08-07 13:49:09'),
(3, '149.186.130.230', 322, '2020-11-25 14:49:09', '2020-11-25 14:49:09'),
(3, '235.1.50.244', 323, '2021-05-24 13:49:09', '2021-05-24 13:49:09'),
(3, '240.254.79.30', 324, '2020-10-01 13:49:09', '2020-10-01 13:49:09'),
(3, '105.70.139.241', 325, '2020-08-17 13:49:09', '2020-08-17 13:49:09'),
(3, '95.229.55.154', 326, '2021-01-26 14:49:09', '2021-01-26 14:49:09'),
(3, '90.4.215.239', 327, '2020-08-19 13:49:09', '2020-08-19 13:49:09'),
(3, '176.139.135.183', 328, '2021-03-24 14:49:09', '2021-03-24 14:49:09'),
(3, '77.219.87.226', 329, '2021-01-19 14:49:09', '2021-01-19 14:49:09'),
(3, '211.129.169.42', 330, '2021-01-27 14:49:09', '2021-01-27 14:49:09'),
(3, '26.12.206.76', 331, '2020-11-01 14:49:09', '2020-11-01 14:49:09'),
(3, '130.57.35.130', 332, '2020-09-06 13:49:09', '2020-09-06 13:49:09'),
(3, '187.37.109.49', 333, '2021-01-18 14:49:09', '2021-01-18 14:49:09'),
(3, '190.23.167.182', 334, '2020-07-06 13:49:09', '2020-07-06 13:49:09'),
(3, '76.27.146.214', 335, '2020-09-30 13:49:09', '2020-09-30 13:49:09'),
(3, '180.225.177.231', 336, '2020-09-13 13:49:09', '2020-09-13 13:49:09'),
(3, '49.245.115.35', 337, '2021-05-30 13:49:09', '2021-05-30 13:49:09'),
(3, '59.28.186.187', 338, '2021-05-17 13:49:09', '2021-05-17 13:49:09'),
(3, '20.83.65.216', 339, '2021-06-14 13:49:09', '2021-06-14 13:49:09'),
(3, '37.195.51.22', 340, '2020-11-28 14:49:09', '2020-11-28 14:49:09'),
(3, '201.2.146.107', 341, '2020-08-05 13:49:09', '2020-08-05 13:49:09'),
(3, '31.133.206.126', 342, '2020-07-03 13:49:09', '2020-07-03 13:49:09'),
(4, '67.88.209.166', 343, '2021-04-28 13:49:09', '2021-04-28 13:49:09'),
(4, '136.96.186.128', 344, '2021-03-13 14:49:09', '2021-03-13 14:49:09'),
(4, '5.24.205.143', 345, '2021-03-16 14:49:09', '2021-03-16 14:49:09'),
(4, '25.83.221.41', 346, '2020-07-07 13:49:09', '2020-07-07 13:49:09'),
(4, '140.107.26.113', 347, '2021-01-01 14:49:09', '2021-01-01 14:49:09'),
(4, '203.211.232.132', 348, '2021-02-05 14:49:09', '2021-02-05 14:49:09'),
(4, '226.241.47.22', 349, '2020-10-02 13:49:09', '2020-10-02 13:49:09'),
(4, '167.171.166.165', 350, '2021-03-16 14:49:09', '2021-03-16 14:49:09'),
(4, '193.214.99.88', 351, '2021-01-21 14:49:09', '2021-01-21 14:49:09'),
(4, '162.207.206.28', 352, '2020-09-08 13:49:09', '2020-09-08 13:49:09'),
(4, '195.65.33.88', 353, '2021-02-18 14:49:09', '2021-02-18 14:49:09'),
(4, '80.47.6.3', 354, '2020-12-19 14:49:09', '2020-12-19 14:49:09'),
(4, '85.127.175.165', 355, '2021-06-23 13:49:09', '2021-06-23 13:49:09'),
(4, '89.122.132.34', 356, '2021-01-19 14:49:09', '2021-01-19 14:49:09'),
(4, '149.94.77.32', 357, '2020-12-02 14:49:09', '2020-12-02 14:49:09'),
(4, '4.245.168.166', 358, '2020-07-26 13:49:09', '2020-07-26 13:49:09'),
(4, '43.103.31.233', 359, '2020-11-03 14:49:09', '2020-11-03 14:49:09'),
(4, '157.239.204.15', 360, '2021-05-12 13:49:09', '2021-05-12 13:49:09'),
(4, '60.105.166.68', 361, '2021-05-27 13:49:09', '2021-05-27 13:49:09'),
(4, '22.241.7.51', 362, '2020-10-07 13:49:09', '2020-10-07 13:49:09'),
(4, '103.44.238.40', 363, '2020-11-29 14:49:09', '2020-11-29 14:49:09'),
(4, '154.104.175.184', 364, '2020-11-06 14:49:09', '2020-11-06 14:49:09'),
(4, '143.156.233.32', 365, '2020-08-07 13:49:09', '2020-08-07 13:49:09'),
(4, '180.99.111.110', 366, '2020-07-08 13:49:09', '2020-07-08 13:49:09'),
(4, '46.232.130.25', 367, '2020-10-29 14:49:09', '2020-10-29 14:49:09'),
(4, '74.21.254.126', 368, '2021-03-07 14:49:09', '2021-03-07 14:49:09'),
(4, '63.157.128.99', 369, '2020-10-01 13:49:09', '2020-10-01 13:49:09'),
(5, '186.241.34.247', 370, '2021-05-04 13:49:09', '2021-05-04 13:49:09'),
(5, '243.41.58.65', 371, '2020-10-05 13:49:09', '2020-10-05 13:49:09'),
(5, '226.165.215.76', 372, '2021-03-13 14:49:09', '2021-03-13 14:49:09'),
(5, '194.128.35.113', 373, '2020-07-13 13:49:09', '2020-07-13 13:49:09'),
(5, '181.80.117.173', 374, '2020-11-23 14:49:09', '2020-11-23 14:49:09'),
(5, '227.183.0.127', 375, '2020-08-24 13:49:09', '2020-08-24 13:49:09'),
(5, '142.47.83.140', 376, '2020-08-25 13:49:09', '2020-08-25 13:49:09'),
(5, '75.106.153.169', 377, '2021-03-05 14:49:09', '2021-03-05 14:49:09'),
(5, '15.133.217.223', 378, '2020-09-11 13:49:09', '2020-09-11 13:49:09'),
(5, '150.16.248.1', 379, '2021-05-15 13:49:09', '2021-05-15 13:49:09'),
(5, '170.96.150.77', 380, '2021-03-14 14:49:09', '2021-03-14 14:49:09'),
(5, '167.31.61.47', 381, '2021-04-05 13:49:09', '2021-04-05 13:49:09'),
(5, '33.241.211.60', 382, '2020-09-28 13:49:09', '2020-09-28 13:49:09'),
(5, '166.209.136.174', 383, '2021-02-17 14:49:09', '2021-02-17 14:49:09'),
(5, '100.68.103.140', 384, '2020-11-07 14:49:09', '2020-11-07 14:49:09'),
(5, '84.114.68.34', 385, '2021-05-06 13:49:09', '2021-05-06 13:49:09'),
(5, '167.253.160.42', 386, '2020-08-27 13:49:09', '2020-08-27 13:49:09'),
(5, '232.195.71.239', 387, '2021-03-28 13:49:09', '2021-03-28 13:49:09'),
(5, '216.235.236.23', 388, '2021-04-26 13:49:09', '2021-04-26 13:49:09'),
(5, '55.205.216.173', 389, '2020-12-22 14:49:09', '2020-12-22 14:49:09'),
(5, '216.168.40.97', 390, '2021-02-24 14:49:09', '2021-02-24 14:49:09'),
(5, '171.229.192.248', 391, '2020-08-24 13:49:09', '2020-08-24 13:49:09'),
(5, '226.207.121.252', 392, '2021-05-14 13:49:09', '2021-05-14 13:49:09'),
(5, '30.48.181.22', 393, '2021-01-31 14:49:09', '2021-01-31 14:49:09'),
(5, '226.223.21.124', 394, '2021-03-18 14:49:09', '2021-03-18 14:49:09'),
(6, '215.154.214.161', 395, '2020-08-01 13:49:09', '2020-08-01 13:49:09'),
(6, '125.220.244.80', 396, '2020-08-03 13:49:09', '2020-08-03 13:49:09'),
(6, '229.153.0.138', 397, '2021-01-10 14:49:09', '2021-01-10 14:49:09'),
(6, '229.245.132.185', 398, '2020-08-23 13:49:09', '2020-08-23 13:49:09'),
(6, '187.101.60.252', 399, '2020-09-01 13:49:09', '2020-09-01 13:49:09'),
(6, '91.48.233.240', 400, '2021-03-14 14:49:09', '2021-03-14 14:49:09'),
(6, '142.108.179.157', 401, '2020-09-13 13:49:09', '2020-09-13 13:49:09'),
(6, '182.189.129.0', 402, '2021-02-02 14:49:09', '2021-02-02 14:49:09'),
(6, '214.59.110.180', 403, '2020-10-19 13:49:09', '2020-10-19 13:49:09'),
(6, '107.156.24.191', 404, '2020-12-20 14:49:09', '2020-12-20 14:49:09'),
(6, '61.211.70.105', 405, '2021-03-21 14:49:09', '2021-03-21 14:49:09'),
(6, '2.68.36.205', 406, '2020-11-25 14:49:09', '2020-11-25 14:49:09'),
(6, '223.160.170.30', 407, '2021-05-09 13:49:09', '2021-05-09 13:49:09'),
(6, '29.156.102.21', 408, '2020-11-23 14:49:09', '2020-11-23 14:49:09'),
(6, '253.226.162.248', 409, '2021-02-04 14:49:09', '2021-02-04 14:49:09'),
(6, '240.40.69.55', 410, '2021-04-01 13:49:09', '2021-04-01 13:49:09'),
(6, '100.203.133.184', 411, '2021-05-10 13:49:09', '2021-05-10 13:49:09'),
(6, '204.206.82.98', 412, '2020-07-26 13:49:09', '2020-07-26 13:49:09'),
(6, '74.159.18.76', 413, '2020-08-24 13:49:09', '2020-08-24 13:49:09'),
(6, '102.215.192.149', 414, '2020-10-06 13:49:09', '2020-10-06 13:49:09'),
(6, '54.222.154.40', 415, '2021-05-02 13:49:09', '2021-05-02 13:49:09'),
(6, '212.65.55.4', 416, '2020-10-25 14:49:09', '2020-10-25 14:49:09'),
(6, '20.127.166.103', 417, '2020-08-19 13:49:09', '2020-08-19 13:49:09'),
(6, '240.245.67.106', 418, '2020-09-06 13:49:09', '2020-09-06 13:49:09'),
(6, '129.158.35.28', 419, '2021-01-06 14:49:09', '2021-01-06 14:49:09'),
(6, '79.134.250.210', 420, '2021-03-06 14:49:09', '2021-03-06 14:49:09'),
(6, '97.252.145.196', 421, '2020-10-07 13:49:09', '2020-10-07 13:49:09'),
(7, '245.50.88.114', 422, '2021-04-12 13:49:09', '2021-04-12 13:49:09'),
(7, '121.56.147.105', 423, '2021-02-10 14:49:09', '2021-02-10 14:49:09'),
(7, '115.130.70.148', 424, '2020-10-13 13:49:09', '2020-10-13 13:49:09'),
(7, '94.138.123.205', 425, '2020-07-22 13:49:09', '2020-07-22 13:49:09'),
(7, '11.252.240.115', 426, '2020-08-10 13:49:09', '2020-08-10 13:49:09'),
(7, '54.53.128.210', 427, '2021-01-02 14:49:09', '2021-01-02 14:49:09'),
(7, '31.161.214.184', 428, '2020-09-10 13:49:09', '2020-09-10 13:49:09'),
(7, '237.184.82.7', 429, '2020-08-14 13:49:09', '2020-08-14 13:49:09'),
(7, '56.113.69.196', 430, '2020-12-05 14:49:09', '2020-12-05 14:49:09'),
(7, '162.3.189.103', 431, '2021-04-22 13:49:09', '2021-04-22 13:49:09'),
(7, '38.40.27.160', 432, '2021-05-06 13:49:09', '2021-05-06 13:49:09'),
(7, '218.112.170.140', 433, '2021-06-03 13:49:09', '2021-06-03 13:49:09'),
(7, '82.38.10.59', 434, '2021-03-12 14:49:09', '2021-03-12 14:49:09'),
(7, '165.168.1.73', 435, '2021-04-16 13:49:09', '2021-04-16 13:49:09'),
(7, '2.214.85.95', 436, '2020-11-09 14:49:09', '2020-11-09 14:49:09'),
(7, '53.254.170.189', 437, '2020-07-16 13:49:09', '2020-07-16 13:49:09'),
(7, '208.192.55.78', 438, '2020-09-01 13:49:09', '2020-09-01 13:49:09'),
(7, '84.51.92.180', 439, '2020-08-24 13:49:09', '2020-08-24 13:49:09'),
(7, '69.117.222.3', 440, '2020-11-06 14:49:09', '2020-11-06 14:49:09'),
(7, '176.150.202.135', 441, '2021-02-10 14:49:09', '2021-02-10 14:49:09'),
(7, '119.96.46.106', 442, '2020-12-13 14:49:09', '2020-12-13 14:49:09'),
(7, '190.214.4.136', 443, '2021-04-16 13:49:09', '2021-04-16 13:49:09'),
(8, '203.108.149.252', 444, '2020-10-27 14:49:09', '2020-10-27 14:49:09'),
(8, '11.218.3.203', 445, '2020-09-25 13:49:09', '2020-09-25 13:49:09'),
(8, '209.170.132.158', 446, '2021-03-05 14:49:09', '2021-03-05 14:49:09'),
(8, '246.184.110.245', 447, '2021-01-06 14:49:09', '2021-01-06 14:49:09'),
(8, '107.253.247.55', 448, '2020-11-16 14:49:09', '2020-11-16 14:49:09'),
(8, '77.211.227.254', 449, '2020-07-28 13:49:09', '2020-07-28 13:49:09'),
(8, '212.251.86.29', 450, '2020-09-22 13:49:09', '2020-09-22 13:49:09'),
(8, '185.44.80.80', 451, '2020-07-01 13:49:09', '2020-07-01 13:49:09'),
(8, '65.14.105.142', 452, '2021-02-09 14:49:09', '2021-02-09 14:49:09'),
(8, '72.158.114.210', 453, '2020-12-02 14:49:09', '2020-12-02 14:49:09'),
(8, '106.117.191.37', 454, '2020-09-01 13:49:09', '2020-09-01 13:49:09'),
(8, '105.14.19.194', 455, '2020-11-26 14:49:09', '2020-11-26 14:49:09'),
(8, '215.124.125.146', 456, '2021-01-15 14:49:09', '2021-01-15 14:49:09'),
(8, '128.242.89.255', 457, '2021-05-11 13:49:09', '2021-05-11 13:49:09'),
(8, '31.173.25.116', 458, '2021-03-02 14:49:09', '2021-03-02 14:49:09'),
(8, '146.243.56.231', 459, '2021-04-21 13:49:09', '2021-04-21 13:49:09'),
(8, '55.222.155.252', 460, '2020-08-23 13:49:09', '2020-08-23 13:49:09'),
(8, '211.132.199.188', 461, '2021-02-01 14:49:09', '2021-02-01 14:49:09'),
(8, '187.140.194.195', 462, '2020-10-13 13:49:09', '2020-10-13 13:49:09'),
(8, '153.116.197.101', 463, '2020-08-03 13:49:09', '2020-08-03 13:49:09'),
(8, '69.123.108.14', 464, '2021-02-06 14:49:09', '2021-02-06 14:49:09'),
(8, '15.128.176.0', 465, '2020-07-21 13:49:09', '2020-07-21 13:49:09'),
(8, '43.132.31.211', 466, '2021-04-22 13:49:09', '2021-04-22 13:49:09'),
(8, '126.138.196.223', 467, '2020-07-04 13:49:10', '2020-07-04 13:49:10'),
(8, '54.82.44.92', 468, '2021-06-20 13:49:10', '2021-06-20 13:49:10'),
(8, '50.39.60.163', 469, '2020-10-27 14:49:10', '2020-10-27 14:49:10'),
(8, '233.140.110.72', 470, '2021-06-20 13:49:10', '2021-06-20 13:49:10'),
(8, '193.139.144.213', 471, '2021-05-26 13:49:10', '2021-05-26 13:49:10'),
(9, '108.174.117.114', 472, '2020-12-14 14:49:10', '2020-12-14 14:49:10'),
(9, '46.86.132.173', 473, '2021-01-27 14:49:10', '2021-01-27 14:49:10'),
(9, '11.185.46.231', 474, '2020-12-19 14:49:10', '2020-12-19 14:49:10'),
(9, '73.238.96.228', 475, '2020-12-22 14:49:10', '2020-12-22 14:49:10'),
(9, '125.56.36.209', 476, '2021-01-07 14:49:10', '2021-01-07 14:49:10'),
(9, '211.130.57.227', 477, '2021-05-13 13:49:10', '2021-05-13 13:49:10'),
(9, '234.205.62.94', 478, '2020-09-08 13:49:10', '2020-09-08 13:49:10'),
(9, '236.172.50.22', 479, '2020-07-07 13:49:10', '2020-07-07 13:49:10'),
(9, '107.143.45.175', 480, '2021-05-09 13:49:10', '2021-05-09 13:49:10'),
(9, '168.86.186.197', 481, '2021-01-18 14:49:10', '2021-01-18 14:49:10'),
(9, '217.161.145.104', 482, '2020-11-21 14:49:10', '2020-11-21 14:49:10'),
(9, '139.253.56.11', 483, '2020-08-02 13:49:10', '2020-08-02 13:49:10'),
(9, '57.252.183.2', 484, '2021-06-07 13:49:10', '2021-06-07 13:49:10'),
(9, '242.93.48.58', 485, '2021-01-31 14:49:10', '2021-01-31 14:49:10'),
(9, '30.100.159.199', 486, '2021-02-07 14:49:10', '2021-02-07 14:49:10'),
(9, '85.165.124.178', 487, '2020-11-15 14:49:10', '2020-11-15 14:49:10'),
(9, '247.221.247.133', 488, '2021-03-17 14:49:10', '2021-03-17 14:49:10'),
(9, '1.89.103.206', 489, '2020-10-17 13:49:10', '2020-10-17 13:49:10'),
(9, '12.25.215.27', 490, '2021-04-12 13:49:10', '2021-04-12 13:49:10'),
(9, '209.170.112.240', 491, '2021-06-02 13:49:10', '2021-06-02 13:49:10'),
(9, '148.253.39.12', 492, '2021-02-17 14:49:10', '2021-02-17 14:49:10'),
(9, '225.209.168.217', 493, '2021-05-27 13:49:10', '2021-05-27 13:49:10'),
(9, '219.98.161.53', 494, '2021-04-14 13:49:10', '2021-04-14 13:49:10'),
(9, '58.90.62.251', 495, '2020-09-01 13:49:10', '2020-09-01 13:49:10'),
(9, '96.247.156.197', 496, '2020-11-23 14:49:10', '2020-11-23 14:49:10'),
(9, '65.101.86.146', 497, '2020-09-13 13:49:10', '2020-09-13 13:49:10'),
(9, '142.38.215.238', 498, '2021-04-16 13:49:10', '2021-04-16 13:49:10'),
(9, '78.72.190.217', 499, '2020-11-13 14:49:10', '2020-11-13 14:49:10'),
(10, '214.90.83.144', 500, '2021-05-21 13:49:10', '2021-05-21 13:49:10'),
(10, '200.162.50.105', 501, '2020-10-10 13:49:10', '2020-10-10 13:49:10'),
(10, '121.245.108.50', 502, '2020-09-18 13:49:10', '2020-09-18 13:49:10'),
(10, '29.119.66.154', 503, '2021-01-15 14:49:10', '2021-01-15 14:49:10'),
(10, '43.84.132.179', 504, '2021-01-10 14:49:10', '2021-01-10 14:49:10'),
(10, '131.185.161.51', 505, '2020-10-01 13:49:10', '2020-10-01 13:49:10'),
(10, '27.20.190.50', 506, '2021-02-25 14:49:10', '2021-02-25 14:49:10'),
(10, '243.180.154.45', 507, '2021-01-14 14:49:10', '2021-01-14 14:49:10'),
(10, '229.62.79.79', 508, '2021-05-25 13:49:10', '2021-05-25 13:49:10'),
(10, '210.199.230.250', 509, '2021-04-21 13:49:10', '2021-04-21 13:49:10'),
(10, '162.93.168.81', 510, '2021-05-01 13:49:10', '2021-05-01 13:49:10'),
(10, '150.249.224.206', 511, '2021-05-09 13:49:10', '2021-05-09 13:49:10'),
(10, '64.239.82.50', 512, '2021-01-27 14:49:10', '2021-01-27 14:49:10'),
(10, '65.245.160.231', 513, '2020-11-14 14:49:10', '2020-11-14 14:49:10'),
(10, '12.98.97.116', 514, '2020-08-08 13:49:10', '2020-08-08 13:49:10'),
(10, '122.7.38.189', 515, '2020-10-02 13:49:10', '2020-10-02 13:49:10'),
(10, '35.247.14.241', 516, '2020-08-14 13:49:10', '2020-08-14 13:49:10'),
(10, '164.237.28.90', 517, '2020-07-01 13:49:10', '2020-07-01 13:49:10'),
(10, '184.20.26.187', 518, '2021-05-15 13:49:10', '2021-05-15 13:49:10'),
(10, '230.126.75.78', 519, '2020-09-02 13:49:10', '2020-09-02 13:49:10'),
(10, '150.199.228.219', 520, '2020-10-13 13:49:10', '2020-10-13 13:49:10'),
(10, '93.17.109.124', 521, '2020-09-12 13:49:10', '2020-09-12 13:49:10'),
(10, '148.104.234.117', 522, '2021-01-27 14:49:10', '2021-01-27 14:49:10'),
(10, '242.240.164.138', 523, '2021-01-18 14:49:10', '2021-01-18 14:49:10'),
(10, '47.240.36.70', 524, '2021-05-10 13:49:10', '2021-05-10 13:49:10'),
(11, '214.211.182.156', 525, '2020-10-24 13:49:10', '2020-10-24 13:49:10'),
(11, '186.156.245.253', 526, '2021-02-18 14:49:10', '2021-02-18 14:49:10'),
(11, '85.239.248.37', 527, '2020-12-09 14:49:10', '2020-12-09 14:49:10'),
(11, '30.108.66.109', 528, '2020-08-19 13:49:10', '2020-08-19 13:49:10'),
(11, '56.157.221.80', 529, '2021-02-23 14:49:10', '2021-02-23 14:49:10'),
(11, '109.16.172.21', 530, '2020-10-20 13:49:10', '2020-10-20 13:49:10'),
(11, '165.34.110.2', 531, '2021-05-19 13:49:10', '2021-05-19 13:49:10'),
(11, '20.149.27.22', 532, '2020-12-19 14:49:10', '2020-12-19 14:49:10'),
(11, '192.80.221.74', 533, '2020-07-20 13:49:10', '2020-07-20 13:49:10'),
(11, '23.83.97.223', 534, '2020-08-04 13:49:10', '2020-08-04 13:49:10'),
(11, '24.36.57.227', 535, '2020-09-25 13:49:10', '2020-09-25 13:49:10'),
(11, '105.227.224.113', 536, '2021-04-04 13:49:10', '2021-04-04 13:49:10'),
(11, '197.52.152.222', 537, '2021-05-31 13:49:10', '2021-05-31 13:49:10'),
(11, '77.213.252.54', 538, '2020-08-08 13:49:10', '2020-08-08 13:49:10'),
(11, '205.173.97.178', 539, '2021-01-30 14:49:10', '2021-01-30 14:49:10'),
(11, '167.159.89.5', 540, '2020-10-24 13:49:10', '2020-10-24 13:49:10'),
(11, '232.106.40.149', 541, '2020-12-02 14:49:10', '2020-12-02 14:49:10'),
(11, '194.78.29.247', 542, '2020-11-30 14:49:10', '2020-11-30 14:49:10'),
(11, '115.226.252.190', 543, '2020-08-16 13:49:10', '2020-08-16 13:49:10'),
(11, '222.7.223.235', 544, '2020-07-05 13:49:10', '2020-07-05 13:49:10'),
(11, '166.142.50.55', 545, '2021-02-06 14:49:10', '2021-02-06 14:49:10'),
(11, '123.55.175.245', 546, '2021-02-15 14:49:10', '2021-02-15 14:49:10'),
(11, '117.211.138.42', 547, '2020-12-04 14:49:10', '2020-12-04 14:49:10'),
(11, '252.253.244.29', 548, '2020-12-31 14:49:10', '2020-12-31 14:49:10'),
(11, '234.32.212.99', 549, '2020-07-08 13:49:10', '2020-07-08 13:49:10'),
(11, '204.74.106.208', 550, '2021-02-19 14:49:10', '2021-02-19 14:49:10'),
(12, '4.106.32.9', 551, '2021-02-28 14:49:10', '2021-02-28 14:49:10'),
(12, '184.137.207.241', 552, '2021-01-03 14:49:10', '2021-01-03 14:49:10'),
(12, '205.8.30.210', 553, '2020-09-01 13:49:10', '2020-09-01 13:49:10'),
(12, '48.158.40.119', 554, '2020-10-20 13:49:10', '2020-10-20 13:49:10'),
(12, '169.136.11.36', 555, '2021-04-30 13:49:10', '2021-04-30 13:49:10'),
(12, '51.18.89.9', 556, '2020-10-18 13:49:10', '2020-10-18 13:49:10'),
(12, '250.25.54.20', 557, '2020-07-17 13:49:10', '2020-07-17 13:49:10'),
(12, '4.140.77.233', 558, '2021-03-31 13:49:10', '2021-03-31 13:49:10'),
(12, '100.75.220.43', 559, '2020-07-05 13:49:10', '2020-07-05 13:49:10'),
(12, '244.167.23.185', 560, '2020-09-30 13:49:10', '2020-09-30 13:49:10'),
(12, '169.7.6.74', 561, '2020-07-16 13:49:10', '2020-07-16 13:49:10'),
(12, '230.227.98.184', 562, '2020-08-19 13:49:10', '2020-08-19 13:49:10'),
(12, '184.137.229.52', 563, '2020-09-30 13:49:10', '2020-09-30 13:49:10'),
(12, '187.1.58.192', 564, '2021-04-16 13:49:10', '2021-04-16 13:49:10'),
(12, '75.222.62.0', 565, '2020-12-07 14:49:10', '2020-12-07 14:49:10'),
(12, '138.83.81.46', 566, '2020-09-25 13:49:10', '2020-09-25 13:49:10'),
(12, '153.244.51.195', 567, '2021-01-14 14:49:10', '2021-01-14 14:49:10'),
(12, '182.6.166.42', 568, '2020-08-30 13:49:10', '2020-08-30 13:49:10'),
(12, '141.128.109.219', 569, '2021-02-14 14:49:10', '2021-02-14 14:49:10'),
(12, '191.188.72.43', 570, '2020-09-13 13:49:10', '2020-09-13 13:49:10'),
(12, '167.35.69.9', 571, '2020-07-24 13:49:10', '2020-07-24 13:49:10'),
(12, '82.126.0.87', 572, '2021-03-04 14:49:10', '2021-03-04 14:49:10'),
(13, '48.112.215.112', 573, '2020-12-24 14:49:10', '2020-12-24 14:49:10'),
(13, '13.244.182.175', 574, '2020-12-21 14:49:10', '2020-12-21 14:49:10'),
(13, '48.3.170.118', 575, '2020-10-29 14:49:10', '2020-10-29 14:49:10'),
(13, '239.68.112.44', 576, '2021-06-12 13:49:10', '2021-06-12 13:49:10'),
(13, '141.126.70.84', 577, '2020-10-16 13:49:10', '2020-10-16 13:49:10'),
(13, '235.6.245.212', 578, '2020-08-30 13:49:10', '2020-08-30 13:49:10'),
(13, '43.217.88.126', 579, '2021-05-30 13:49:10', '2021-05-30 13:49:10'),
(13, '126.143.120.127', 580, '2021-03-08 14:49:10', '2021-03-08 14:49:10'),
(13, '166.213.96.232', 581, '2020-07-21 13:49:10', '2020-07-21 13:49:10'),
(13, '250.22.198.19', 582, '2021-03-22 14:49:10', '2021-03-22 14:49:10'),
(13, '177.131.158.15', 583, '2020-11-19 14:49:10', '2020-11-19 14:49:10'),
(13, '36.212.109.135', 584, '2020-12-02 14:49:10', '2020-12-02 14:49:10'),
(13, '246.185.116.177', 585, '2020-08-20 13:49:10', '2020-08-20 13:49:10'),
(13, '128.231.78.151', 586, '2021-04-20 13:49:10', '2021-04-20 13:49:10'),
(13, '151.125.30.195', 587, '2021-05-28 13:49:10', '2021-05-28 13:49:10'),
(13, '237.28.153.42', 588, '2021-03-04 14:49:10', '2021-03-04 14:49:10'),
(13, '22.71.209.208', 589, '2020-11-21 14:49:10', '2020-11-21 14:49:10'),
(13, '134.69.5.160', 590, '2021-03-03 14:49:10', '2021-03-03 14:49:10'),
(13, '81.181.30.43', 591, '2020-11-23 14:49:10', '2020-11-23 14:49:10'),
(13, '98.155.220.203', 592, '2021-04-05 13:49:10', '2021-04-05 13:49:10'),
(13, '63.234.124.217', 593, '2020-08-30 13:49:10', '2020-08-30 13:49:10'),
(13, '217.253.111.13', 594, '2021-03-11 14:49:10', '2021-03-11 14:49:10'),
(13, '120.71.31.81', 595, '2020-07-11 13:49:10', '2020-07-11 13:49:10'),
(13, '181.224.171.231', 596, '2020-10-22 13:49:10', '2020-10-22 13:49:10'),
(13, '69.7.180.103', 597, '2021-05-04 13:49:10', '2021-05-04 13:49:10'),
(13, '213.31.36.87', 598, '2021-04-27 13:49:10', '2021-04-27 13:49:10'),
(13, '7.182.45.165', 599, '2021-02-15 14:49:10', '2021-02-15 14:49:10'),
(14, '166.23.132.86', 600, '2020-08-16 13:49:10', '2020-08-16 13:49:10'),
(14, '39.134.111.25', 601, '2020-08-10 13:49:10', '2020-08-10 13:49:10'),
(14, '161.243.47.161', 602, '2020-07-15 13:49:10', '2020-07-15 13:49:10'),
(14, '204.93.217.70', 603, '2021-04-02 13:49:10', '2021-04-02 13:49:10'),
(14, '115.64.30.226', 604, '2020-08-13 13:49:10', '2020-08-13 13:49:10'),
(14, '86.50.16.172', 605, '2021-01-20 14:49:10', '2021-01-20 14:49:10'),
(14, '1.105.238.200', 606, '2021-06-09 13:49:10', '2021-06-09 13:49:10'),
(14, '217.224.82.152', 607, '2020-10-08 13:49:10', '2020-10-08 13:49:10'),
(14, '236.213.192.207', 608, '2021-04-22 13:49:10', '2021-04-22 13:49:10'),
(14, '64.33.246.120', 609, '2020-12-28 14:49:10', '2020-12-28 14:49:10'),
(14, '34.130.141.248', 610, '2020-09-30 13:49:10', '2020-09-30 13:49:10'),
(14, '20.227.106.206', 611, '2020-09-30 13:49:10', '2020-09-30 13:49:10'),
(14, '154.134.43.9', 612, '2020-08-31 13:49:10', '2020-08-31 13:49:10'),
(14, '51.65.193.73', 613, '2020-09-09 13:49:10', '2020-09-09 13:49:10'),
(14, '45.65.83.158', 614, '2020-10-07 13:49:10', '2020-10-07 13:49:10'),
(14, '188.70.64.145', 615, '2021-06-09 13:49:10', '2021-06-09 13:49:10'),
(14, '182.95.250.181', 616, '2020-07-05 13:49:10', '2020-07-05 13:49:10'),
(14, '100.67.191.172', 617, '2020-07-15 13:49:10', '2020-07-15 13:49:10'),
(14, '168.224.195.241', 618, '2021-05-25 13:49:10', '2021-05-25 13:49:10'),
(14, '25.72.160.244', 619, '2020-12-23 14:49:10', '2020-12-23 14:49:10'),
(14, '223.170.37.155', 620, '2020-12-18 14:49:10', '2020-12-18 14:49:10'),
(14, '26.205.32.176', 621, '2020-07-14 13:49:10', '2020-07-14 13:49:10'),
(14, '181.236.229.253', 622, '2021-05-08 13:49:10', '2021-05-08 13:49:10'),
(14, '31.108.185.94', 623, '2020-08-02 13:49:10', '2020-08-02 13:49:10'),
(14, '178.183.49.60', 624, '2020-09-25 13:49:10', '2020-09-25 13:49:10'),
(15, '79.15.117.106', 625, '2020-11-09 14:49:10', '2020-11-09 14:49:10'),
(15, '8.142.193.11', 626, '2020-07-24 13:49:10', '2020-07-24 13:49:10'),
(15, '192.187.136.26', 627, '2020-11-10 14:49:10', '2020-11-10 14:49:10'),
(15, '103.39.9.165', 628, '2021-03-07 14:49:10', '2021-03-07 14:49:10'),
(15, '92.133.50.60', 629, '2020-09-15 13:49:10', '2020-09-15 13:49:10'),
(15, '174.232.237.219', 630, '2021-03-04 14:49:10', '2021-03-04 14:49:10'),
(15, '32.79.225.6', 631, '2020-07-22 13:49:10', '2020-07-22 13:49:10'),
(15, '112.203.250.37', 632, '2021-05-09 13:49:10', '2021-05-09 13:49:10'),
(15, '98.90.89.187', 633, '2020-12-25 14:49:10', '2020-12-25 14:49:10'),
(15, '2.167.204.238', 634, '2021-05-21 13:49:10', '2021-05-21 13:49:10'),
(15, '238.89.215.49', 635, '2021-03-11 14:49:10', '2021-03-11 14:49:10'),
(15, '70.185.77.85', 636, '2020-12-20 14:49:10', '2020-12-20 14:49:10'),
(15, '41.252.149.71', 637, '2021-06-23 13:49:10', '2021-06-23 13:49:10'),
(15, '211.106.146.115', 638, '2020-08-27 13:49:11', '2020-08-27 13:49:11'),
(15, '235.255.21.40', 639, '2021-05-06 13:49:11', '2021-05-06 13:49:11'),
(15, '191.163.74.169', 640, '2021-01-06 14:49:11', '2021-01-06 14:49:11'),
(15, '245.224.221.248', 641, '2020-10-03 13:49:11', '2020-10-03 13:49:11'),
(15, '164.181.211.233', 642, '2021-06-14 13:49:11', '2021-06-14 13:49:11'),
(15, '86.79.4.107', 643, '2021-06-10 13:49:11', '2021-06-10 13:49:11'),
(15, '234.70.91.118', 644, '2021-01-21 14:49:11', '2021-01-21 14:49:11'),
(15, '150.233.166.9', 645, '2021-03-24 14:49:11', '2021-03-24 14:49:11'),
(15, '65.27.112.231', 646, '2020-11-13 14:49:11', '2020-11-13 14:49:11'),
(15, '148.145.249.241', 647, '2021-03-22 14:49:11', '2021-03-22 14:49:11'),
(15, '20.47.88.230', 648, '2021-06-10 13:49:11', '2021-06-10 13:49:11'),
(15, '15.87.151.87', 649, '2021-06-06 13:49:11', '2021-06-06 13:49:11'),
(15, '113.229.117.209', 650, '2020-08-29 13:49:11', '2020-08-29 13:49:11'),
(15, '196.118.68.179', 651, '2020-09-05 13:49:11', '2020-09-05 13:49:11'),
(15, '227.154.162.19', 652, '2021-06-23 13:49:11', '2021-06-23 13:49:11'),
(15, '32.9.169.35', 653, '2021-04-24 13:49:11', '2021-04-24 13:49:11'),
(16, '40.54.158.220', 654, '2020-10-08 13:49:11', '2020-10-08 13:49:11'),
(16, '157.83.59.243', 655, '2020-12-31 14:49:11', '2020-12-31 14:49:11'),
(16, '234.91.204.170', 656, '2020-07-08 13:49:11', '2020-07-08 13:49:11'),
(16, '109.198.169.138', 657, '2021-04-21 13:49:11', '2021-04-21 13:49:11'),
(16, '119.70.130.85', 658, '2020-09-10 13:49:11', '2020-09-10 13:49:11'),
(16, '156.245.215.200', 659, '2021-02-07 14:49:11', '2021-02-07 14:49:11'),
(16, '101.20.7.234', 660, '2021-01-02 14:49:11', '2021-01-02 14:49:11'),
(16, '231.135.225.230', 661, '2021-03-03 14:49:11', '2021-03-03 14:49:11'),
(16, '153.174.252.87', 662, '2020-07-08 13:49:11', '2020-07-08 13:49:11'),
(16, '9.99.56.209', 663, '2020-12-13 14:49:11', '2020-12-13 14:49:11'),
(16, '161.123.174.148', 664, '2021-02-27 14:49:11', '2021-02-27 14:49:11'),
(16, '78.156.123.119', 665, '2020-06-29 13:49:11', '2020-06-29 13:49:11'),
(16, '25.70.53.53', 666, '2021-06-14 13:49:11', '2021-06-14 13:49:11'),
(16, '44.168.129.47', 667, '2020-10-04 13:49:11', '2020-10-04 13:49:11'),
(16, '30.178.31.28', 668, '2020-11-22 14:49:11', '2020-11-22 14:49:11'),
(16, '198.42.151.181', 669, '2020-07-11 13:49:11', '2020-07-11 13:49:11'),
(16, '148.169.78.246', 670, '2021-04-07 13:49:11', '2021-04-07 13:49:11'),
(16, '121.100.14.151', 671, '2020-10-03 13:49:11', '2020-10-03 13:49:11'),
(16, '91.84.110.63', 672, '2020-10-26 14:49:11', '2020-10-26 14:49:11'),
(16, '232.60.227.43', 673, '2021-02-06 14:49:11', '2021-02-06 14:49:11'),
(16, '225.30.2.226', 674, '2020-08-30 13:49:11', '2020-08-30 13:49:11'),
(16, '184.191.98.138', 675, '2021-06-07 13:49:11', '2021-06-07 13:49:11'),
(16, '6.159.84.190', 676, '2021-02-25 14:49:11', '2021-02-25 14:49:11'),
(16, '70.151.239.215', 677, '2021-03-18 14:49:11', '2021-03-18 14:49:11'),
(16, '171.13.61.176', 678, '2020-11-08 14:49:11', '2020-11-08 14:49:11'),
(16, '6.113.125.242', 679, '2021-05-27 13:49:11', '2021-05-27 13:49:11'),
(17, '82.203.6.43', 680, '2020-08-23 13:49:11', '2020-08-23 13:49:11'),
(17, '208.241.31.38', 681, '2021-01-17 14:49:11', '2021-01-17 14:49:11'),
(17, '217.96.186.169', 682, '2020-12-01 14:49:11', '2020-12-01 14:49:11'),
(17, '239.216.134.233', 683, '2021-01-13 14:49:11', '2021-01-13 14:49:11'),
(17, '115.241.225.239', 684, '2021-06-03 13:49:11', '2021-06-03 13:49:11'),
(17, '166.139.11.173', 685, '2021-06-23 13:49:11', '2021-06-23 13:49:11'),
(17, '63.202.38.230', 686, '2020-09-01 13:49:11', '2020-09-01 13:49:11'),
(17, '67.86.80.6', 687, '2021-01-22 14:49:11', '2021-01-22 14:49:11'),
(17, '138.78.156.114', 688, '2020-12-25 14:49:11', '2020-12-25 14:49:11'),
(17, '253.140.27.8', 689, '2021-04-22 13:49:11', '2021-04-22 13:49:11'),
(17, '212.6.112.145', 690, '2020-10-17 13:49:11', '2020-10-17 13:49:11'),
(17, '106.62.46.31', 691, '2020-07-05 13:49:11', '2020-07-05 13:49:11'),
(17, '69.77.122.38', 692, '2021-01-04 14:49:11', '2021-01-04 14:49:11'),
(17, '148.154.113.30', 693, '2021-06-02 13:49:11', '2021-06-02 13:49:11'),
(17, '216.51.4.40', 694, '2021-02-04 14:49:11', '2021-02-04 14:49:11'),
(17, '206.216.134.110', 695, '2020-12-15 14:49:11', '2020-12-15 14:49:11'),
(17, '174.83.69.21', 696, '2021-01-05 14:49:11', '2021-01-05 14:49:11'),
(17, '96.34.235.253', 697, '2020-07-06 13:49:11', '2020-07-06 13:49:11'),
(17, '52.179.246.153', 698, '2020-07-21 13:49:11', '2020-07-21 13:49:11'),
(17, '178.198.153.137', 699, '2020-12-26 14:49:11', '2020-12-26 14:49:11'),
(17, '10.138.115.213', 700, '2020-08-26 13:49:11', '2020-08-26 13:49:11'),
(17, '107.183.148.232', 701, '2020-08-29 13:49:11', '2020-08-29 13:49:11'),
(17, '45.79.161.235', 702, '2021-01-01 14:49:11', '2021-01-01 14:49:11'),
(17, '112.107.141.80', 703, '2020-10-10 13:49:11', '2020-10-10 13:49:11'),
(17, '119.37.98.87', 704, '2021-06-22 13:49:11', '2021-06-22 13:49:11'),
(18, '203.235.20.81', 705, '2020-09-27 13:49:11', '2020-09-27 13:49:11'),
(18, '120.182.26.82', 706, '2020-08-27 13:49:11', '2020-08-27 13:49:11');
INSERT INTO `views` (`apartment_id`, `ip`, `id`, `created_at`, `updated_at`) VALUES
(18, '25.241.216.31', 707, '2020-12-29 14:49:11', '2020-12-29 14:49:11'),
(18, '218.51.235.99', 708, '2021-03-03 14:49:11', '2021-03-03 14:49:11'),
(18, '167.16.236.35', 709, '2020-07-12 13:49:11', '2020-07-12 13:49:11'),
(18, '144.56.91.148', 710, '2020-08-08 13:49:11', '2020-08-08 13:49:11'),
(18, '53.104.162.121', 711, '2021-05-25 13:49:11', '2021-05-25 13:49:11'),
(18, '240.72.59.43', 712, '2021-04-08 13:49:11', '2021-04-08 13:49:11'),
(18, '148.187.105.246', 713, '2020-09-18 13:49:11', '2020-09-18 13:49:11'),
(18, '61.219.29.23', 714, '2020-09-15 13:49:11', '2020-09-15 13:49:11'),
(18, '39.204.213.224', 715, '2021-02-16 14:49:11', '2021-02-16 14:49:11'),
(18, '157.157.24.209', 716, '2020-11-24 14:49:11', '2020-11-24 14:49:11'),
(18, '139.28.218.242', 717, '2020-07-03 13:49:11', '2020-07-03 13:49:11'),
(18, '150.207.181.199', 718, '2020-09-14 13:49:11', '2020-09-14 13:49:11'),
(18, '57.183.170.136', 719, '2020-11-16 14:49:11', '2020-11-16 14:49:11'),
(18, '158.34.1.10', 720, '2021-04-01 13:49:11', '2021-04-01 13:49:11'),
(18, '160.239.95.56', 721, '2021-06-17 13:49:11', '2021-06-17 13:49:11'),
(18, '235.162.251.91', 722, '2021-01-03 14:49:11', '2021-01-03 14:49:11'),
(18, '2.219.193.30', 723, '2020-12-22 14:49:11', '2020-12-22 14:49:11'),
(18, '252.64.166.249', 724, '2020-11-24 14:49:11', '2020-11-24 14:49:11'),
(18, '51.237.21.160', 725, '2021-02-05 14:49:11', '2021-02-05 14:49:11'),
(19, '83.137.160.16', 726, '2021-04-12 13:49:11', '2021-04-12 13:49:11'),
(19, '208.192.33.235', 727, '2021-02-17 14:49:11', '2021-02-17 14:49:11'),
(19, '109.241.179.14', 728, '2021-01-02 14:49:11', '2021-01-02 14:49:11'),
(19, '103.205.133.88', 729, '2021-03-22 14:49:11', '2021-03-22 14:49:11'),
(19, '116.90.83.95', 730, '2021-05-01 13:49:11', '2021-05-01 13:49:11'),
(19, '42.187.48.71', 731, '2020-07-19 13:49:11', '2020-07-19 13:49:11'),
(19, '244.72.42.178', 732, '2020-08-22 13:49:11', '2020-08-22 13:49:11'),
(19, '30.52.42.89', 733, '2020-07-26 13:49:11', '2020-07-26 13:49:11'),
(19, '219.167.106.47', 734, '2021-02-11 14:49:11', '2021-02-11 14:49:11'),
(19, '112.41.228.145', 735, '2020-07-14 13:49:11', '2020-07-14 13:49:11'),
(19, '127.123.101.162', 736, '2020-07-08 13:49:11', '2020-07-08 13:49:11'),
(19, '226.240.93.82', 737, '2021-01-16 14:49:11', '2021-01-16 14:49:11'),
(19, '223.217.92.138', 738, '2020-11-14 14:49:11', '2020-11-14 14:49:11'),
(19, '14.87.165.33', 739, '2020-10-12 13:49:11', '2020-10-12 13:49:11'),
(19, '239.207.200.125', 740, '2020-11-23 14:49:11', '2020-11-23 14:49:11'),
(19, '184.180.208.65', 741, '2021-02-27 14:49:11', '2021-02-27 14:49:11'),
(19, '233.48.125.101', 742, '2020-09-10 13:49:11', '2020-09-10 13:49:11'),
(19, '49.47.116.138', 743, '2020-08-02 13:49:11', '2020-08-02 13:49:11'),
(19, '101.241.23.203', 744, '2021-02-23 14:49:11', '2021-02-23 14:49:11'),
(19, '3.33.204.64', 745, '2020-12-10 14:49:11', '2020-12-10 14:49:11'),
(19, '121.240.244.31', 746, '2021-04-04 13:49:11', '2021-04-04 13:49:11'),
(19, '84.19.45.227', 747, '2020-08-06 13:49:11', '2020-08-06 13:49:11'),
(19, '97.133.66.233', 748, '2021-03-04 14:49:11', '2021-03-04 14:49:11'),
(19, '182.213.235.172', 749, '2021-03-13 14:49:11', '2021-03-13 14:49:11'),
(19, '52.17.189.41', 750, '2021-05-25 13:49:11', '2021-05-25 13:49:11'),
(19, '194.21.155.200', 751, '2020-12-06 14:49:11', '2020-12-06 14:49:11'),
(19, '221.215.96.117', 752, '2020-11-08 14:49:11', '2020-11-08 14:49:11'),
(20, '103.108.79.45', 753, '2021-05-10 13:49:11', '2021-05-10 13:49:11'),
(20, '122.193.138.168', 754, '2021-05-17 13:49:11', '2021-05-17 13:49:11'),
(20, '48.72.77.60', 755, '2021-02-12 14:49:11', '2021-02-12 14:49:11'),
(20, '142.181.16.25', 756, '2020-07-26 13:49:11', '2020-07-26 13:49:11'),
(20, '66.170.9.54', 757, '2021-04-10 13:49:11', '2021-04-10 13:49:11'),
(20, '65.99.223.209', 758, '2020-09-25 13:49:11', '2020-09-25 13:49:11'),
(20, '65.122.246.111', 759, '2021-06-24 13:49:11', '2021-06-24 13:49:11'),
(20, '228.226.85.251', 760, '2021-05-10 13:49:11', '2021-05-10 13:49:11'),
(20, '59.59.50.149', 761, '2021-03-11 14:49:11', '2021-03-11 14:49:11'),
(20, '193.13.115.136', 762, '2020-07-30 13:49:11', '2020-07-30 13:49:11'),
(20, '104.231.116.226', 763, '2020-10-01 13:49:11', '2020-10-01 13:49:11'),
(20, '8.241.47.151', 764, '2021-03-21 14:49:11', '2021-03-21 14:49:11'),
(20, '231.54.70.177', 765, '2020-08-03 13:49:11', '2020-08-03 13:49:11'),
(20, '166.201.8.253', 766, '2021-03-31 13:49:11', '2021-03-31 13:49:11'),
(20, '86.86.9.26', 767, '2021-02-15 14:49:11', '2021-02-15 14:49:11'),
(20, '9.179.203.243', 768, '2020-08-09 13:49:11', '2020-08-09 13:49:11'),
(20, '115.34.7.208', 769, '2020-12-19 14:49:11', '2020-12-19 14:49:11'),
(20, '72.20.161.117', 770, '2020-12-26 14:49:11', '2020-12-26 14:49:11'),
(20, '94.223.176.179', 771, '2021-02-18 14:49:11', '2021-02-18 14:49:11'),
(20, '135.112.239.198', 772, '2020-10-05 13:49:11', '2020-10-05 13:49:11'),
(20, '72.105.163.28', 773, '2021-03-22 14:49:11', '2021-03-22 14:49:11'),
(20, '199.25.113.132', 774, '2021-02-20 14:49:11', '2021-02-20 14:49:11'),
(20, '72.38.224.36', 775, '2020-11-10 14:49:11', '2020-11-10 14:49:11'),
(20, '164.0.143.12', 776, '2020-07-06 13:49:11', '2020-07-06 13:49:11'),
(20, '108.218.35.216', 777, '2020-12-18 14:49:11', '2020-12-18 14:49:11'),
(20, '198.6.27.121', 778, '2020-09-18 13:49:11', '2020-09-18 13:49:11'),
(20, '75.214.50.215', 779, '2020-09-30 13:49:11', '2020-09-30 13:49:11'),
(20, '72.175.239.201', 780, '2020-10-06 13:49:11', '2020-10-06 13:49:11'),
(21, '13.52.22.65', 781, '2021-01-04 14:49:11', '2021-01-04 14:49:11'),
(21, '80.60.243.2', 782, '2020-11-22 14:49:11', '2020-11-22 14:49:11'),
(21, '239.167.137.61', 783, '2020-09-29 13:49:11', '2020-09-29 13:49:11'),
(21, '191.173.236.169', 784, '2020-07-18 13:49:11', '2020-07-18 13:49:11'),
(21, '8.96.142.16', 785, '2020-10-16 13:49:11', '2020-10-16 13:49:11'),
(21, '15.253.60.84', 786, '2021-06-04 13:49:11', '2021-06-04 13:49:11'),
(21, '28.48.176.90', 787, '2021-04-12 13:49:11', '2021-04-12 13:49:11'),
(21, '75.87.23.223', 788, '2021-03-05 14:49:11', '2021-03-05 14:49:11'),
(21, '187.67.236.88', 789, '2021-03-21 14:49:11', '2021-03-21 14:49:11'),
(21, '173.61.213.85', 790, '2021-05-05 13:49:11', '2021-05-05 13:49:11'),
(21, '15.94.123.153', 791, '2021-01-05 14:49:11', '2021-01-05 14:49:11'),
(21, '168.209.238.85', 792, '2021-06-13 13:49:11', '2021-06-13 13:49:11'),
(21, '255.232.136.63', 793, '2020-08-05 13:49:11', '2020-08-05 13:49:11'),
(21, '67.23.92.80', 794, '2021-05-11 13:49:11', '2021-05-11 13:49:11'),
(21, '162.175.238.224', 795, '2021-06-14 13:49:11', '2021-06-14 13:49:11'),
(21, '6.17.235.161', 796, '2021-04-07 13:49:11', '2021-04-07 13:49:11'),
(21, '29.128.200.185', 797, '2021-05-14 13:49:11', '2021-05-14 13:49:11'),
(21, '31.117.204.15', 798, '2020-08-08 13:49:11', '2020-08-08 13:49:11'),
(21, '54.128.58.49', 799, '2021-02-24 14:49:11', '2021-02-24 14:49:11'),
(21, '10.246.235.26', 800, '2021-03-30 13:49:11', '2021-03-30 13:49:11'),
(21, '70.102.6.251', 801, '2020-12-12 14:49:11', '2020-12-12 14:49:11'),
(21, '39.228.100.204', 802, '2020-10-03 13:49:11', '2020-10-03 13:49:11'),
(21, '218.224.245.62', 803, '2021-02-11 14:49:11', '2021-02-11 14:49:11'),
(1, '224.88.145.8', 804, '2021-04-08 13:49:38', '2021-04-08 13:49:38'),
(1, '47.36.142.204', 805, '2020-12-22 14:49:38', '2020-12-22 14:49:38'),
(1, '68.124.130.129', 806, '2020-10-15 13:49:38', '2020-10-15 13:49:38'),
(1, '14.167.238.170', 807, '2020-11-13 14:49:38', '2020-11-13 14:49:38'),
(1, '253.205.5.15', 808, '2021-04-11 13:49:38', '2021-04-11 13:49:38'),
(1, '199.31.19.60', 809, '2021-02-20 14:49:38', '2021-02-20 14:49:38'),
(1, '255.16.40.41', 810, '2021-02-06 14:49:38', '2021-02-06 14:49:38'),
(1, '173.3.193.114', 811, '2021-01-05 14:49:38', '2021-01-05 14:49:38'),
(1, '49.27.163.181', 812, '2020-11-22 14:49:38', '2020-11-22 14:49:38'),
(1, '122.3.24.36', 813, '2020-12-12 14:49:38', '2020-12-12 14:49:38'),
(1, '11.174.251.136', 814, '2020-11-02 14:49:38', '2020-11-02 14:49:38'),
(1, '82.208.122.212', 815, '2021-05-11 13:49:38', '2021-05-11 13:49:38'),
(1, '127.121.20.70', 816, '2020-09-04 13:49:38', '2020-09-04 13:49:38'),
(1, '254.203.176.132', 817, '2021-02-27 14:49:38', '2021-02-27 14:49:38'),
(1, '236.25.146.186', 818, '2021-06-17 13:49:38', '2021-06-17 13:49:38'),
(1, '204.204.241.108', 819, '2020-10-16 13:49:38', '2020-10-16 13:49:38'),
(1, '134.135.193.81', 820, '2020-11-07 14:49:38', '2020-11-07 14:49:38'),
(1, '236.99.31.187', 821, '2021-06-23 13:49:38', '2021-06-23 13:49:38'),
(1, '51.120.92.10', 822, '2021-01-07 14:49:38', '2021-01-07 14:49:38'),
(1, '226.17.243.167', 823, '2020-12-03 14:49:39', '2020-12-03 14:49:39'),
(1, '87.125.66.143', 824, '2020-08-04 13:49:39', '2020-08-04 13:49:39'),
(1, '97.93.127.206', 825, '2020-12-12 14:49:39', '2020-12-12 14:49:39'),
(1, '225.123.59.93', 826, '2020-10-23 13:49:39', '2020-10-23 13:49:39'),
(1, '101.17.84.119', 827, '2021-02-25 14:49:39', '2021-02-25 14:49:39'),
(1, '200.102.125.29', 828, '2020-12-12 14:49:39', '2020-12-12 14:49:39'),
(1, '70.172.61.27', 829, '2020-07-06 13:49:39', '2020-07-06 13:49:39'),
(2, '15.214.244.244', 830, '2020-11-13 14:49:39', '2020-11-13 14:49:39'),
(2, '154.231.185.122', 831, '2021-04-28 13:49:39', '2021-04-28 13:49:39'),
(2, '161.184.51.230', 832, '2021-05-02 13:49:39', '2021-05-02 13:49:39'),
(2, '156.159.166.167', 833, '2021-01-30 14:49:39', '2021-01-30 14:49:39'),
(2, '94.198.1.73', 834, '2021-03-19 14:49:39', '2021-03-19 14:49:39'),
(2, '234.126.47.50', 835, '2020-08-01 13:49:39', '2020-08-01 13:49:39'),
(2, '176.169.238.97', 836, '2021-06-15 13:49:39', '2021-06-15 13:49:39'),
(2, '161.57.35.130', 837, '2020-07-13 13:49:39', '2020-07-13 13:49:39'),
(2, '46.12.9.189', 838, '2020-11-25 14:49:39', '2020-11-25 14:49:39'),
(2, '97.32.154.233', 839, '2020-09-06 13:49:39', '2020-09-06 13:49:39'),
(2, '121.195.197.112', 840, '2020-11-22 14:49:39', '2020-11-22 14:49:39'),
(2, '51.31.183.89', 841, '2021-02-17 14:49:39', '2021-02-17 14:49:39'),
(2, '173.179.96.131', 842, '2020-10-19 13:49:39', '2020-10-19 13:49:39'),
(2, '235.145.206.68', 843, '2021-02-06 14:49:39', '2021-02-06 14:49:39'),
(2, '63.27.31.141', 844, '2020-09-25 13:49:39', '2020-09-25 13:49:39'),
(2, '153.213.112.218', 845, '2020-09-23 13:49:39', '2020-09-23 13:49:39'),
(2, '108.216.43.150', 846, '2020-07-21 13:49:39', '2020-07-21 13:49:39'),
(2, '57.28.163.33', 847, '2021-03-17 14:49:39', '2021-03-17 14:49:39'),
(2, '143.116.191.202', 848, '2021-01-22 14:49:39', '2021-01-22 14:49:39'),
(2, '125.105.170.250', 849, '2020-11-17 14:49:39', '2020-11-17 14:49:39'),
(2, '113.95.15.167', 850, '2020-09-17 13:49:39', '2020-09-17 13:49:39'),
(2, '240.78.232.106', 851, '2021-01-14 14:49:39', '2021-01-14 14:49:39'),
(2, '11.99.233.93', 852, '2021-04-04 13:49:39', '2021-04-04 13:49:39'),
(2, '59.48.46.140', 853, '2021-05-11 13:49:39', '2021-05-11 13:49:39'),
(2, '116.64.67.107', 854, '2020-09-20 13:49:39', '2020-09-20 13:49:39'),
(3, '130.143.5.231', 855, '2021-01-04 14:49:39', '2021-01-04 14:49:39'),
(3, '106.18.97.148', 856, '2021-02-15 14:49:39', '2021-02-15 14:49:39'),
(3, '168.236.12.137', 857, '2020-08-27 13:49:39', '2020-08-27 13:49:39'),
(3, '184.209.42.36', 858, '2020-12-30 14:49:39', '2020-12-30 14:49:39'),
(3, '194.173.11.12', 859, '2020-11-19 14:49:39', '2020-11-19 14:49:39'),
(3, '211.92.196.43', 860, '2021-03-15 14:49:39', '2021-03-15 14:49:39'),
(3, '178.0.14.51', 861, '2021-02-21 14:49:39', '2021-02-21 14:49:39'),
(3, '187.59.7.17', 862, '2020-11-06 14:49:39', '2020-11-06 14:49:39'),
(3, '239.61.78.168', 863, '2020-07-27 13:49:39', '2020-07-27 13:49:39'),
(3, '92.94.18.213', 864, '2021-02-19 14:49:39', '2021-02-19 14:49:39'),
(3, '49.96.63.6', 865, '2020-10-17 13:49:39', '2020-10-17 13:49:39'),
(3, '242.14.113.97', 866, '2020-09-05 13:49:39', '2020-09-05 13:49:39'),
(3, '85.147.86.52', 867, '2020-12-06 14:49:39', '2020-12-06 14:49:39'),
(3, '227.101.240.209', 868, '2021-03-18 14:49:39', '2021-03-18 14:49:39'),
(3, '82.0.248.4', 869, '2021-02-02 14:49:39', '2021-02-02 14:49:39'),
(3, '75.109.233.35', 870, '2021-04-06 13:49:39', '2021-04-06 13:49:39'),
(3, '39.158.220.234', 871, '2020-09-29 13:49:39', '2020-09-29 13:49:39'),
(3, '227.126.182.151', 872, '2021-06-06 13:49:39', '2021-06-06 13:49:39'),
(3, '51.245.227.75', 873, '2021-04-09 13:49:39', '2021-04-09 13:49:39'),
(3, '80.6.247.234', 874, '2021-01-01 14:49:39', '2021-01-01 14:49:39'),
(3, '176.5.40.165', 875, '2020-12-15 14:49:39', '2020-12-15 14:49:39'),
(3, '171.95.119.235', 876, '2020-08-12 13:49:39', '2020-08-12 13:49:39'),
(3, '8.71.209.121', 877, '2021-05-23 13:49:39', '2021-05-23 13:49:39'),
(4, '48.148.150.20', 878, '2021-03-03 14:49:39', '2021-03-03 14:49:39'),
(4, '241.157.75.39', 879, '2020-12-21 14:49:39', '2020-12-21 14:49:39'),
(4, '108.125.9.117', 880, '2021-05-28 13:49:39', '2021-05-28 13:49:39'),
(4, '226.193.39.255', 881, '2021-02-14 14:49:39', '2021-02-14 14:49:39'),
(4, '142.69.69.79', 882, '2021-01-16 14:49:39', '2021-01-16 14:49:39'),
(4, '220.143.144.116', 883, '2020-08-07 13:49:39', '2020-08-07 13:49:39'),
(4, '113.174.25.49', 884, '2021-02-18 14:49:39', '2021-02-18 14:49:39'),
(4, '85.27.12.230', 885, '2021-06-23 13:49:39', '2021-06-23 13:49:39'),
(4, '95.176.184.230', 886, '2020-08-22 13:49:39', '2020-08-22 13:49:39'),
(4, '115.17.68.161', 887, '2020-10-02 13:49:39', '2020-10-02 13:49:39'),
(4, '25.44.249.197', 888, '2020-11-16 14:49:39', '2020-11-16 14:49:39'),
(4, '227.113.110.113', 889, '2021-04-29 13:49:39', '2021-04-29 13:49:39'),
(4, '182.37.236.78', 890, '2021-01-28 14:49:39', '2021-01-28 14:49:39'),
(4, '78.235.175.169', 891, '2021-06-07 13:49:39', '2021-06-07 13:49:39'),
(4, '192.77.6.211', 892, '2021-02-28 14:49:39', '2021-02-28 14:49:39'),
(4, '76.144.171.138', 893, '2021-02-07 14:49:39', '2021-02-07 14:49:39'),
(4, '105.183.177.245', 894, '2021-04-30 13:49:39', '2021-04-30 13:49:39'),
(4, '68.209.93.53', 895, '2021-05-07 13:49:39', '2021-05-07 13:49:39'),
(4, '36.54.40.43', 896, '2020-10-24 13:49:39', '2020-10-24 13:49:39'),
(4, '207.56.232.47', 897, '2021-05-22 13:49:39', '2021-05-22 13:49:39'),
(4, '225.33.181.17', 898, '2021-04-21 13:49:39', '2021-04-21 13:49:39'),
(4, '240.184.53.174', 899, '2020-07-28 13:49:39', '2020-07-28 13:49:39'),
(4, '13.144.58.186', 900, '2021-03-08 14:49:39', '2021-03-08 14:49:39'),
(4, '10.227.200.179', 901, '2020-12-27 14:49:39', '2020-12-27 14:49:39'),
(5, '92.185.51.173', 902, '2020-07-23 13:49:39', '2020-07-23 13:49:39'),
(5, '115.56.223.239', 903, '2020-12-27 14:49:39', '2020-12-27 14:49:39'),
(5, '93.246.90.67', 904, '2020-08-16 13:49:39', '2020-08-16 13:49:39'),
(5, '118.60.85.200', 905, '2021-06-07 13:49:39', '2021-06-07 13:49:39'),
(5, '147.231.73.17', 906, '2021-01-07 14:49:39', '2021-01-07 14:49:39'),
(5, '79.244.123.165', 907, '2020-10-29 14:49:39', '2020-10-29 14:49:39'),
(5, '176.132.231.21', 908, '2020-08-16 13:49:39', '2020-08-16 13:49:39'),
(5, '208.94.195.181', 909, '2020-10-28 14:49:39', '2020-10-28 14:49:39'),
(5, '73.51.240.45', 910, '2021-03-27 14:49:39', '2021-03-27 14:49:39'),
(5, '102.177.197.155', 911, '2021-05-28 13:49:39', '2021-05-28 13:49:39'),
(5, '35.82.243.168', 912, '2021-02-04 14:49:39', '2021-02-04 14:49:39'),
(5, '44.118.225.46', 913, '2020-08-10 13:49:39', '2020-08-10 13:49:39'),
(5, '243.128.37.52', 914, '2021-06-09 13:49:39', '2021-06-09 13:49:39'),
(5, '190.66.157.142', 915, '2020-08-26 13:49:39', '2020-08-26 13:49:39'),
(5, '190.86.189.175', 916, '2021-05-29 13:49:39', '2021-05-29 13:49:39'),
(5, '78.82.241.54', 917, '2021-01-24 14:49:39', '2021-01-24 14:49:39'),
(5, '87.208.244.166', 918, '2021-05-03 13:49:39', '2021-05-03 13:49:39'),
(5, '45.226.34.75', 919, '2020-09-02 13:49:39', '2020-09-02 13:49:39'),
(5, '104.158.26.141', 920, '2020-12-26 14:49:39', '2020-12-26 14:49:39'),
(5, '203.3.114.103', 921, '2021-04-09 13:49:39', '2021-04-09 13:49:39'),
(5, '71.89.172.236', 922, '2021-05-04 13:49:39', '2021-05-04 13:49:39'),
(5, '95.79.58.239', 923, '2020-11-24 14:49:39', '2020-11-24 14:49:39'),
(5, '145.54.98.201', 924, '2021-02-20 14:49:39', '2021-02-20 14:49:39'),
(5, '230.187.183.68', 925, '2021-06-05 13:49:39', '2021-06-05 13:49:39'),
(6, '149.138.19.172', 926, '2020-11-15 14:49:39', '2020-11-15 14:49:39'),
(6, '164.95.49.148', 927, '2021-05-14 13:49:39', '2021-05-14 13:49:39'),
(6, '104.133.107.253', 928, '2021-03-17 14:49:39', '2021-03-17 14:49:39'),
(6, '89.71.242.4', 929, '2020-12-29 14:49:39', '2020-12-29 14:49:39'),
(6, '126.137.48.161', 930, '2020-11-11 14:49:39', '2020-11-11 14:49:39'),
(6, '36.150.62.82', 931, '2021-01-21 14:49:39', '2021-01-21 14:49:39'),
(6, '172.53.132.135', 932, '2021-04-13 13:49:39', '2021-04-13 13:49:39'),
(6, '249.0.210.243', 933, '2020-10-03 13:49:39', '2020-10-03 13:49:39'),
(6, '144.200.12.30', 934, '2020-11-24 14:49:39', '2020-11-24 14:49:39'),
(6, '242.125.136.252', 935, '2021-04-23 13:49:39', '2021-04-23 13:49:39'),
(6, '4.245.204.182', 936, '2020-07-02 13:49:39', '2020-07-02 13:49:39'),
(6, '82.245.194.143', 937, '2021-03-31 13:49:39', '2021-03-31 13:49:39'),
(6, '183.176.197.14', 938, '2021-04-20 13:49:39', '2021-04-20 13:49:39'),
(6, '65.242.75.177', 939, '2021-04-08 13:49:39', '2021-04-08 13:49:39'),
(6, '205.214.172.9', 940, '2021-03-08 14:49:39', '2021-03-08 14:49:39'),
(6, '18.151.58.28', 941, '2021-03-06 14:49:39', '2021-03-06 14:49:39'),
(6, '55.138.157.179', 942, '2021-05-30 13:49:39', '2021-05-30 13:49:39'),
(6, '205.138.213.89', 943, '2021-06-03 13:49:39', '2021-06-03 13:49:39'),
(6, '100.166.134.244', 944, '2020-11-18 14:49:39', '2020-11-18 14:49:39'),
(6, '206.206.17.101', 945, '2021-01-13 14:49:39', '2021-01-13 14:49:39'),
(6, '177.174.223.160', 946, '2021-02-08 14:49:39', '2021-02-08 14:49:39'),
(7, '56.125.126.156', 947, '2021-02-08 14:49:39', '2021-02-08 14:49:39'),
(7, '33.67.55.106', 948, '2020-08-30 13:49:39', '2020-08-30 13:49:39'),
(7, '159.24.119.69', 949, '2021-06-19 13:49:39', '2021-06-19 13:49:39'),
(7, '85.101.172.126', 950, '2021-03-11 14:49:39', '2021-03-11 14:49:39'),
(7, '104.73.48.206', 951, '2021-03-22 14:49:39', '2021-03-22 14:49:39'),
(7, '2.68.226.5', 952, '2021-06-13 13:49:39', '2021-06-13 13:49:39'),
(7, '196.132.223.164', 953, '2021-04-14 13:49:39', '2021-04-14 13:49:39'),
(7, '51.88.133.169', 954, '2021-04-20 13:49:39', '2021-04-20 13:49:39'),
(7, '33.73.176.242', 955, '2021-04-16 13:49:39', '2021-04-16 13:49:39'),
(7, '240.87.227.187', 956, '2021-02-14 14:49:39', '2021-02-14 14:49:39'),
(7, '36.15.223.125', 957, '2020-12-13 14:49:39', '2020-12-13 14:49:39'),
(7, '237.60.251.205', 958, '2020-09-08 13:49:39', '2020-09-08 13:49:39'),
(7, '32.163.215.139', 959, '2020-11-23 14:49:39', '2020-11-23 14:49:39'),
(7, '154.58.227.246', 960, '2021-03-19 14:49:39', '2021-03-19 14:49:39'),
(7, '172.162.16.135', 961, '2021-02-27 14:49:39', '2021-02-27 14:49:39'),
(7, '198.137.41.125', 962, '2020-10-10 13:49:40', '2020-10-10 13:49:40'),
(7, '198.81.0.124', 963, '2021-05-13 13:49:40', '2021-05-13 13:49:40'),
(7, '123.37.151.10', 964, '2021-02-22 14:49:40', '2021-02-22 14:49:40'),
(7, '33.121.41.36', 965, '2021-06-23 13:49:40', '2021-06-23 13:49:40'),
(7, '93.64.15.200', 966, '2021-05-05 13:49:40', '2021-05-05 13:49:40'),
(7, '87.177.115.41', 967, '2020-08-23 13:49:40', '2020-08-23 13:49:40'),
(7, '90.239.249.22', 968, '2020-08-21 13:49:40', '2020-08-21 13:49:40'),
(7, '227.35.57.99', 969, '2021-02-14 14:49:40', '2021-02-14 14:49:40'),
(8, '2.127.54.10', 970, '2021-04-07 13:49:40', '2021-04-07 13:49:40'),
(8, '60.44.216.116', 971, '2020-07-25 13:49:40', '2020-07-25 13:49:40'),
(8, '241.153.147.63', 972, '2020-08-17 13:49:40', '2020-08-17 13:49:40'),
(8, '249.115.93.235', 973, '2021-03-26 14:49:40', '2021-03-26 14:49:40'),
(8, '35.116.30.195', 974, '2020-07-17 13:49:40', '2020-07-17 13:49:40'),
(8, '154.222.133.225', 975, '2021-05-19 13:49:40', '2021-05-19 13:49:40'),
(8, '185.137.205.56', 976, '2020-08-16 13:49:40', '2020-08-16 13:49:40'),
(8, '101.246.88.38', 977, '2020-07-22 13:49:40', '2020-07-22 13:49:40'),
(8, '153.194.119.4', 978, '2021-04-25 13:49:40', '2021-04-25 13:49:40'),
(8, '183.106.46.188', 979, '2021-04-28 13:49:40', '2021-04-28 13:49:40'),
(8, '150.4.41.87', 980, '2021-01-06 14:49:40', '2021-01-06 14:49:40'),
(8, '130.223.180.143', 981, '2020-10-28 14:49:40', '2020-10-28 14:49:40'),
(8, '91.32.213.220', 982, '2021-04-18 13:49:40', '2021-04-18 13:49:40'),
(8, '77.155.51.155', 983, '2020-11-12 14:49:40', '2020-11-12 14:49:40'),
(8, '194.70.73.45', 984, '2020-06-30 13:49:40', '2020-06-30 13:49:40'),
(8, '36.12.40.48', 985, '2021-01-25 14:49:40', '2021-01-25 14:49:40'),
(8, '159.11.91.253', 986, '2021-04-22 13:49:40', '2021-04-22 13:49:40'),
(8, '167.24.42.6', 987, '2020-09-25 13:49:40', '2020-09-25 13:49:40'),
(8, '9.94.193.235', 988, '2020-10-01 13:49:40', '2020-10-01 13:49:40'),
(8, '220.113.157.56', 989, '2021-02-24 14:49:40', '2021-02-24 14:49:40'),
(8, '186.75.39.130', 990, '2020-10-26 14:49:40', '2020-10-26 14:49:40'),
(8, '167.13.155.201', 991, '2020-07-28 13:49:40', '2020-07-28 13:49:40'),
(8, '182.224.170.121', 992, '2021-04-14 13:49:40', '2021-04-14 13:49:40'),
(8, '130.182.71.185', 993, '2020-12-01 14:49:40', '2020-12-01 14:49:40'),
(9, '49.196.221.76', 994, '2021-06-03 13:49:40', '2021-06-03 13:49:40'),
(9, '19.248.245.149', 995, '2020-09-25 13:49:40', '2020-09-25 13:49:40'),
(9, '216.27.183.52', 996, '2020-11-27 14:49:40', '2020-11-27 14:49:40'),
(9, '171.93.122.233', 997, '2020-12-21 14:49:40', '2020-12-21 14:49:40'),
(9, '86.94.46.141', 998, '2021-04-24 13:49:40', '2021-04-24 13:49:40'),
(9, '31.138.1.69', 999, '2021-01-31 14:49:40', '2021-01-31 14:49:40'),
(9, '96.94.96.212', 1000, '2020-07-24 13:49:40', '2020-07-24 13:49:40'),
(9, '239.175.1.69', 1001, '2021-03-18 14:49:40', '2021-03-18 14:49:40'),
(9, '140.102.218.111', 1002, '2020-12-17 14:49:40', '2020-12-17 14:49:40'),
(9, '21.224.63.35', 1003, '2021-01-23 14:49:40', '2021-01-23 14:49:40'),
(9, '164.35.216.92', 1004, '2020-09-10 13:49:40', '2020-09-10 13:49:40'),
(9, '186.34.196.19', 1005, '2020-08-08 13:49:40', '2020-08-08 13:49:40'),
(9, '177.30.197.73', 1006, '2020-07-17 13:49:40', '2020-07-17 13:49:40'),
(9, '102.217.51.88', 1007, '2020-12-06 14:49:40', '2020-12-06 14:49:40'),
(9, '208.112.93.40', 1008, '2020-08-30 13:49:40', '2020-08-30 13:49:40'),
(9, '85.78.191.247', 1009, '2020-09-02 13:49:40', '2020-09-02 13:49:40'),
(9, '155.195.82.145', 1010, '2020-10-31 14:49:40', '2020-10-31 14:49:40'),
(9, '209.114.148.111', 1011, '2020-09-13 13:49:40', '2020-09-13 13:49:40'),
(9, '180.239.243.140', 1012, '2021-02-15 14:49:40', '2021-02-15 14:49:40'),
(9, '14.35.126.188', 1013, '2020-09-16 13:49:40', '2020-09-16 13:49:40'),
(9, '223.10.175.76', 1014, '2020-12-22 14:49:40', '2020-12-22 14:49:40'),
(9, '234.234.1.41', 1015, '2020-07-11 13:49:40', '2020-07-11 13:49:40'),
(9, '187.174.77.203', 1016, '2020-07-06 13:49:40', '2020-07-06 13:49:40'),
(9, '190.23.219.155', 1017, '2020-09-16 13:49:40', '2020-09-16 13:49:40'),
(9, '40.13.134.216', 1018, '2021-04-29 13:49:40', '2021-04-29 13:49:40'),
(9, '231.87.84.166', 1019, '2021-05-05 13:49:40', '2021-05-05 13:49:40'),
(10, '186.231.28.222', 1020, '2020-09-25 13:49:40', '2020-09-25 13:49:40'),
(10, '171.239.162.18', 1021, '2020-09-27 13:49:40', '2020-09-27 13:49:40'),
(10, '95.101.238.183', 1022, '2021-02-22 14:49:40', '2021-02-22 14:49:40'),
(10, '109.243.122.27', 1023, '2020-10-12 13:49:40', '2020-10-12 13:49:40'),
(10, '188.192.38.208', 1024, '2020-11-27 14:49:40', '2020-11-27 14:49:40'),
(10, '173.255.175.19', 1025, '2021-01-14 14:49:40', '2021-01-14 14:49:40'),
(10, '231.195.223.115', 1026, '2020-07-25 13:49:40', '2020-07-25 13:49:40'),
(10, '3.201.139.14', 1027, '2021-04-16 13:49:40', '2021-04-16 13:49:40'),
(10, '181.122.103.229', 1028, '2020-10-09 13:49:40', '2020-10-09 13:49:40'),
(10, '222.173.69.182', 1029, '2021-04-17 13:49:40', '2021-04-17 13:49:40'),
(10, '100.43.203.64', 1030, '2020-07-01 13:49:40', '2020-07-01 13:49:40'),
(10, '236.16.215.164', 1031, '2021-03-08 14:49:40', '2021-03-08 14:49:40'),
(10, '95.13.223.62', 1032, '2021-03-12 14:49:40', '2021-03-12 14:49:40'),
(10, '184.176.142.82', 1033, '2020-10-31 14:49:40', '2020-10-31 14:49:40'),
(10, '212.173.66.248', 1034, '2021-01-08 14:49:40', '2021-01-08 14:49:40'),
(10, '236.197.37.116', 1035, '2021-05-04 13:49:40', '2021-05-04 13:49:40'),
(10, '220.252.243.43', 1036, '2021-03-20 14:49:40', '2021-03-20 14:49:40'),
(10, '124.15.67.146', 1037, '2020-07-14 13:49:40', '2020-07-14 13:49:40'),
(10, '194.107.151.253', 1038, '2021-06-14 13:49:40', '2021-06-14 13:49:40'),
(10, '118.192.9.12', 1039, '2020-08-14 13:49:40', '2020-08-14 13:49:40'),
(10, '230.11.197.111', 1040, '2021-01-28 14:49:40', '2021-01-28 14:49:40'),
(10, '104.31.162.202', 1041, '2020-12-14 14:49:40', '2020-12-14 14:49:40'),
(10, '89.224.234.117', 1042, '2020-08-18 13:49:40', '2020-08-18 13:49:40'),
(10, '163.61.213.74', 1043, '2021-04-24 13:49:40', '2021-04-24 13:49:40'),
(11, '244.13.3.17', 1044, '2021-01-19 14:49:40', '2021-01-19 14:49:40'),
(11, '241.185.223.19', 1045, '2020-07-16 13:49:40', '2020-07-16 13:49:40'),
(11, '31.135.84.179', 1046, '2020-10-26 14:49:40', '2020-10-26 14:49:40'),
(11, '28.23.225.43', 1047, '2020-11-06 14:49:40', '2020-11-06 14:49:40'),
(11, '236.0.203.65', 1048, '2021-01-19 14:49:40', '2021-01-19 14:49:40'),
(11, '93.39.239.217', 1049, '2020-07-12 13:49:40', '2020-07-12 13:49:40'),
(11, '54.103.46.105', 1050, '2020-10-17 13:49:40', '2020-10-17 13:49:40'),
(11, '78.110.224.13', 1051, '2020-11-25 14:49:40', '2020-11-25 14:49:40'),
(11, '59.220.249.22', 1052, '2021-03-08 14:49:40', '2021-03-08 14:49:40'),
(11, '161.205.171.183', 1053, '2021-04-19 13:49:40', '2021-04-19 13:49:40'),
(11, '177.229.127.193', 1054, '2020-09-02 13:49:40', '2020-09-02 13:49:40'),
(11, '149.130.220.12', 1055, '2020-08-04 13:49:40', '2020-08-04 13:49:40'),
(11, '10.96.242.94', 1056, '2020-09-02 13:49:40', '2020-09-02 13:49:40'),
(11, '90.252.181.118', 1057, '2020-10-08 13:49:40', '2020-10-08 13:49:40'),
(11, '118.194.65.116', 1058, '2021-06-01 13:49:40', '2021-06-01 13:49:40'),
(11, '198.247.211.188', 1059, '2021-05-14 13:49:40', '2021-05-14 13:49:40'),
(11, '119.131.236.134', 1060, '2021-06-11 13:49:40', '2021-06-11 13:49:40'),
(11, '247.156.150.178', 1061, '2021-04-10 13:49:40', '2021-04-10 13:49:40'),
(11, '21.150.55.176', 1062, '2020-08-21 13:49:40', '2020-08-21 13:49:40'),
(11, '14.129.247.100', 1063, '2021-04-25 13:49:40', '2021-04-25 13:49:40'),
(11, '135.108.186.19', 1064, '2020-10-31 14:49:40', '2020-10-31 14:49:40'),
(11, '30.74.39.54', 1065, '2021-05-15 13:49:40', '2021-05-15 13:49:40'),
(11, '20.41.156.76', 1066, '2021-04-04 13:49:40', '2021-04-04 13:49:40'),
(11, '251.122.25.65', 1067, '2020-12-11 14:49:40', '2020-12-11 14:49:40'),
(11, '76.253.237.98', 1068, '2020-07-28 13:49:40', '2020-07-28 13:49:40'),
(11, '183.143.41.207', 1069, '2020-08-27 13:49:40', '2020-08-27 13:49:40'),
(11, '19.34.88.173', 1070, '2021-01-24 14:49:40', '2021-01-24 14:49:40'),
(11, '222.222.211.22', 1071, '2021-06-11 13:49:40', '2021-06-11 13:49:40'),
(11, '232.3.253.194', 1072, '2020-09-27 13:49:40', '2020-09-27 13:49:40'),
(12, '13.176.73.252', 1073, '2020-08-17 13:49:40', '2020-08-17 13:49:40'),
(12, '85.42.227.197', 1074, '2021-05-25 13:49:40', '2021-05-25 13:49:40'),
(12, '77.3.27.87', 1075, '2020-11-02 14:49:40', '2020-11-02 14:49:40'),
(12, '190.9.152.76', 1076, '2021-05-23 13:49:40', '2021-05-23 13:49:40'),
(12, '226.100.136.66', 1077, '2021-04-21 13:49:40', '2021-04-21 13:49:40'),
(12, '177.210.92.13', 1078, '2020-08-06 13:49:40', '2020-08-06 13:49:40'),
(12, '149.159.244.145', 1079, '2021-06-24 13:49:40', '2021-06-24 13:49:40'),
(12, '3.180.47.18', 1080, '2020-11-27 14:49:40', '2020-11-27 14:49:40'),
(12, '199.12.83.147', 1081, '2020-12-17 14:49:40', '2020-12-17 14:49:40'),
(12, '69.37.165.198', 1082, '2021-05-29 13:49:40', '2021-05-29 13:49:40'),
(12, '131.21.92.88', 1083, '2020-12-12 14:49:40', '2020-12-12 14:49:40'),
(12, '123.199.21.165', 1084, '2021-06-03 13:49:40', '2021-06-03 13:49:40'),
(12, '201.61.238.194', 1085, '2021-02-07 14:49:40', '2021-02-07 14:49:40'),
(12, '80.182.234.201', 1086, '2020-10-05 13:49:40', '2020-10-05 13:49:40'),
(12, '76.38.2.206', 1087, '2020-07-18 13:49:40', '2020-07-18 13:49:40'),
(12, '204.20.34.203', 1088, '2020-07-21 13:49:40', '2020-07-21 13:49:40'),
(12, '226.176.205.137', 1089, '2020-07-02 13:49:40', '2020-07-02 13:49:40'),
(12, '213.37.80.12', 1090, '2020-12-21 14:49:40', '2020-12-21 14:49:40'),
(12, '131.106.180.180', 1091, '2021-06-19 13:49:40', '2021-06-19 13:49:40'),
(12, '37.1.177.210', 1092, '2020-11-22 14:49:40', '2020-11-22 14:49:40'),
(12, '176.220.179.139', 1093, '2020-08-08 13:49:40', '2020-08-08 13:49:40'),
(12, '17.239.223.54', 1094, '2021-03-11 14:49:40', '2021-03-11 14:49:40'),
(12, '81.107.167.4', 1095, '2021-03-16 14:49:40', '2021-03-16 14:49:40'),
(12, '235.7.225.199', 1096, '2020-08-30 13:49:40', '2020-08-30 13:49:40'),
(12, '19.78.104.18', 1097, '2021-03-21 14:49:40', '2021-03-21 14:49:40'),
(12, '253.196.53.135', 1098, '2020-12-05 14:49:40', '2020-12-05 14:49:40'),
(12, '133.169.248.171', 1099, '2021-02-09 14:49:40', '2021-02-09 14:49:40'),
(12, '21.115.16.193', 1100, '2021-04-25 13:49:40', '2021-04-25 13:49:40'),
(12, '90.58.208.75', 1101, '2020-11-24 14:49:40', '2020-11-24 14:49:40'),
(13, '170.209.73.87', 1102, '2020-09-08 13:49:40', '2020-09-08 13:49:40'),
(13, '46.20.188.199', 1103, '2021-06-07 13:49:40', '2021-06-07 13:49:40'),
(13, '142.128.113.253', 1104, '2020-12-07 14:49:41', '2020-12-07 14:49:41'),
(13, '56.93.82.82', 1105, '2020-09-23 13:49:41', '2020-09-23 13:49:41'),
(13, '224.8.175.14', 1106, '2020-11-09 14:49:41', '2020-11-09 14:49:41'),
(13, '61.211.209.120', 1107, '2020-10-02 13:49:41', '2020-10-02 13:49:41'),
(13, '172.59.122.135', 1108, '2020-09-12 13:49:41', '2020-09-12 13:49:41'),
(13, '133.194.231.234', 1109, '2020-09-25 13:49:41', '2020-09-25 13:49:41'),
(13, '177.10.122.250', 1110, '2021-06-08 13:49:41', '2021-06-08 13:49:41'),
(13, '35.65.33.163', 1111, '2021-06-11 13:49:41', '2021-06-11 13:49:41'),
(13, '79.149.198.77', 1112, '2020-11-23 14:49:41', '2020-11-23 14:49:41'),
(13, '90.84.74.14', 1113, '2021-04-07 13:49:41', '2021-04-07 13:49:41'),
(13, '114.115.80.33', 1114, '2021-05-24 13:49:41', '2021-05-24 13:49:41'),
(13, '48.88.195.57', 1115, '2021-01-04 14:49:41', '2021-01-04 14:49:41'),
(13, '35.130.101.209', 1116, '2021-01-20 14:49:41', '2021-01-20 14:49:41'),
(13, '88.192.105.24', 1117, '2021-01-26 14:49:41', '2021-01-26 14:49:41'),
(13, '151.3.120.45', 1118, '2020-12-24 14:49:41', '2020-12-24 14:49:41'),
(13, '131.37.144.99', 1119, '2021-03-16 14:49:41', '2021-03-16 14:49:41'),
(13, '75.81.248.162', 1120, '2020-10-23 13:49:41', '2020-10-23 13:49:41'),
(13, '71.128.10.128', 1121, '2021-01-15 14:49:41', '2021-01-15 14:49:41'),
(13, '228.41.227.249', 1122, '2021-03-09 14:49:41', '2021-03-09 14:49:41'),
(13, '102.26.159.255', 1123, '2020-12-12 14:49:41', '2020-12-12 14:49:41'),
(13, '11.129.38.131', 1124, '2020-10-07 13:49:41', '2020-10-07 13:49:41'),
(13, '146.194.81.213', 1125, '2020-08-19 13:49:41', '2020-08-19 13:49:41'),
(13, '4.118.245.143', 1126, '2020-12-07 14:49:41', '2020-12-07 14:49:41'),
(13, '217.35.160.28', 1127, '2020-08-29 13:49:41', '2020-08-29 13:49:41'),
(14, '32.235.43.222', 1128, '2021-03-04 14:49:41', '2021-03-04 14:49:41'),
(14, '231.188.227.79', 1129, '2021-03-31 13:49:41', '2021-03-31 13:49:41'),
(14, '147.224.152.74', 1130, '2020-09-03 13:49:41', '2020-09-03 13:49:41'),
(14, '220.68.102.80', 1131, '2020-09-23 13:49:41', '2020-09-23 13:49:41'),
(14, '192.187.107.199', 1132, '2020-08-02 13:49:41', '2020-08-02 13:49:41'),
(14, '191.64.254.125', 1133, '2020-12-07 14:49:41', '2020-12-07 14:49:41'),
(14, '150.97.33.90', 1134, '2021-01-16 14:49:41', '2021-01-16 14:49:41'),
(14, '39.181.94.93', 1135, '2020-07-12 13:49:41', '2020-07-12 13:49:41'),
(14, '83.159.144.155', 1136, '2021-05-30 13:49:41', '2021-05-30 13:49:41'),
(14, '230.34.206.158', 1137, '2020-09-26 13:49:41', '2020-09-26 13:49:41'),
(14, '197.178.198.218', 1138, '2020-07-31 13:49:41', '2020-07-31 13:49:41'),
(14, '161.248.112.223', 1139, '2020-11-10 14:49:41', '2020-11-10 14:49:41'),
(14, '87.58.30.162', 1140, '2020-12-05 14:49:41', '2020-12-05 14:49:41'),
(14, '255.186.208.237', 1141, '2020-10-24 13:49:41', '2020-10-24 13:49:41'),
(14, '32.255.3.196', 1142, '2021-05-01 13:49:41', '2021-05-01 13:49:41'),
(14, '99.104.231.119', 1143, '2020-10-18 13:49:41', '2020-10-18 13:49:41'),
(14, '252.225.94.18', 1144, '2020-11-11 14:49:41', '2020-11-11 14:49:41'),
(14, '103.192.89.4', 1145, '2020-11-29 14:49:41', '2020-11-29 14:49:41'),
(14, '174.82.48.90', 1146, '2020-07-04 13:49:41', '2020-07-04 13:49:41'),
(14, '111.13.140.105', 1147, '2021-01-31 14:49:41', '2021-01-31 14:49:41'),
(14, '54.13.69.208', 1148, '2021-02-22 14:49:41', '2021-02-22 14:49:41'),
(14, '128.33.113.233', 1149, '2020-08-04 13:49:41', '2020-08-04 13:49:41'),
(14, '172.14.238.146', 1150, '2020-07-10 13:49:41', '2020-07-10 13:49:41'),
(15, '194.218.62.47', 1151, '2020-12-29 14:49:41', '2020-12-29 14:49:41'),
(15, '235.39.54.195', 1152, '2021-05-15 13:49:41', '2021-05-15 13:49:41'),
(15, '138.153.134.145', 1153, '2021-05-02 13:49:41', '2021-05-02 13:49:41'),
(15, '19.95.206.66', 1154, '2021-01-30 14:49:41', '2021-01-30 14:49:41'),
(15, '56.3.29.190', 1155, '2020-12-07 14:49:41', '2020-12-07 14:49:41'),
(15, '95.103.124.207', 1156, '2021-05-31 13:49:41', '2021-05-31 13:49:41'),
(15, '37.13.186.245', 1157, '2021-05-19 13:49:41', '2021-05-19 13:49:41'),
(15, '246.187.7.109', 1158, '2021-01-14 14:49:41', '2021-01-14 14:49:41'),
(15, '205.68.48.87', 1159, '2020-09-05 13:49:41', '2020-09-05 13:49:41'),
(15, '223.99.181.202', 1160, '2021-05-30 13:49:41', '2021-05-30 13:49:41'),
(15, '156.242.228.110', 1161, '2021-02-15 14:49:41', '2021-02-15 14:49:41'),
(15, '158.225.29.163', 1162, '2021-04-11 13:49:41', '2021-04-11 13:49:41'),
(15, '232.240.93.76', 1163, '2020-12-12 14:49:41', '2020-12-12 14:49:41'),
(15, '223.221.17.7', 1164, '2020-10-26 14:49:41', '2020-10-26 14:49:41'),
(15, '185.143.164.33', 1165, '2020-09-01 13:49:41', '2020-09-01 13:49:41'),
(15, '247.162.185.204', 1166, '2020-11-19 14:49:41', '2020-11-19 14:49:41'),
(15, '69.127.218.22', 1167, '2021-03-30 13:49:41', '2021-03-30 13:49:41'),
(15, '9.13.110.102', 1168, '2021-03-17 14:49:41', '2021-03-17 14:49:41'),
(15, '248.72.206.9', 1169, '2021-03-28 13:49:41', '2021-03-28 13:49:41'),
(15, '94.60.50.162', 1170, '2021-06-21 13:49:41', '2021-06-21 13:49:41'),
(15, '24.41.231.227', 1171, '2020-07-30 13:49:41', '2020-07-30 13:49:41'),
(15, '89.242.219.32', 1172, '2020-10-14 13:49:41', '2020-10-14 13:49:41'),
(15, '115.50.111.84', 1173, '2021-06-13 13:49:41', '2021-06-13 13:49:41'),
(15, '18.92.192.5', 1174, '2020-09-10 13:49:41', '2020-09-10 13:49:41'),
(15, '143.254.84.81', 1175, '2020-08-06 13:49:41', '2020-08-06 13:49:41'),
(15, '88.103.243.28', 1176, '2021-02-02 14:49:41', '2021-02-02 14:49:41'),
(15, '49.138.61.224', 1177, '2020-12-21 14:49:41', '2020-12-21 14:49:41'),
(15, '22.198.145.22', 1178, '2020-08-06 13:49:41', '2020-08-06 13:49:41'),
(15, '219.248.137.100', 1179, '2020-08-26 13:49:41', '2020-08-26 13:49:41'),
(16, '1.249.71.97', 1180, '2020-07-19 13:49:41', '2020-07-19 13:49:41'),
(16, '117.40.35.207', 1181, '2021-06-16 13:49:41', '2021-06-16 13:49:41'),
(16, '71.155.199.242', 1182, '2021-01-21 14:49:41', '2021-01-21 14:49:41'),
(16, '235.129.190.149', 1183, '2020-09-28 13:49:41', '2020-09-28 13:49:41'),
(16, '177.161.92.97', 1184, '2021-05-18 13:49:41', '2021-05-18 13:49:41'),
(16, '214.182.129.94', 1185, '2021-04-24 13:49:41', '2021-04-24 13:49:41'),
(16, '47.65.126.95', 1186, '2020-07-05 13:49:41', '2020-07-05 13:49:41'),
(16, '187.182.199.155', 1187, '2020-12-31 14:49:41', '2020-12-31 14:49:41'),
(16, '119.87.93.218', 1188, '2021-06-16 13:49:41', '2021-06-16 13:49:41'),
(16, '229.174.179.238', 1189, '2021-06-04 13:49:41', '2021-06-04 13:49:41'),
(16, '16.181.165.111', 1190, '2021-01-16 14:49:41', '2021-01-16 14:49:41'),
(16, '162.180.165.117', 1191, '2021-01-08 14:49:41', '2021-01-08 14:49:41'),
(16, '185.212.245.52', 1192, '2020-10-15 13:49:41', '2020-10-15 13:49:41'),
(16, '249.88.43.56', 1193, '2021-04-07 13:49:41', '2021-04-07 13:49:41'),
(16, '67.187.197.100', 1194, '2021-01-29 14:49:41', '2021-01-29 14:49:41'),
(16, '123.198.217.132', 1195, '2021-04-04 13:49:41', '2021-04-04 13:49:41'),
(16, '91.84.153.4', 1196, '2021-04-21 13:49:41', '2021-04-21 13:49:41'),
(16, '107.61.3.183', 1197, '2020-10-08 13:49:41', '2020-10-08 13:49:41'),
(16, '182.248.85.124', 1198, '2021-02-05 14:49:41', '2021-02-05 14:49:41'),
(16, '77.251.181.162', 1199, '2021-06-17 13:49:41', '2021-06-17 13:49:41'),
(16, '247.231.230.170', 1200, '2021-03-19 14:49:41', '2021-03-19 14:49:41'),
(16, '49.177.118.253', 1201, '2020-08-10 13:49:41', '2020-08-10 13:49:41'),
(16, '149.182.101.3', 1202, '2021-01-10 14:49:41', '2021-01-10 14:49:41'),
(16, '220.108.217.161', 1203, '2021-06-22 13:49:41', '2021-06-22 13:49:41'),
(16, '53.172.151.251', 1204, '2020-09-08 13:49:41', '2020-09-08 13:49:41'),
(16, '79.205.8.64', 1205, '2021-01-24 14:49:41', '2021-01-24 14:49:41'),
(16, '204.168.113.240', 1206, '2021-02-20 14:49:41', '2021-02-20 14:49:41'),
(16, '195.162.123.156', 1207, '2020-09-17 13:49:41', '2020-09-17 13:49:41'),
(16, '205.249.234.168', 1208, '2020-10-30 14:49:41', '2020-10-30 14:49:41'),
(17, '246.251.94.194', 1209, '2021-06-22 13:49:41', '2021-06-22 13:49:41'),
(17, '90.37.19.25', 1210, '2021-01-11 14:49:41', '2021-01-11 14:49:41'),
(17, '51.124.2.52', 1211, '2021-02-25 14:49:41', '2021-02-25 14:49:41'),
(17, '192.201.170.38', 1212, '2021-01-03 14:49:41', '2021-01-03 14:49:41'),
(17, '172.138.3.107', 1213, '2020-12-14 14:49:41', '2020-12-14 14:49:41'),
(17, '10.179.102.156', 1214, '2020-10-10 13:49:41', '2020-10-10 13:49:41'),
(17, '196.132.147.217', 1215, '2020-10-22 13:49:41', '2020-10-22 13:49:41'),
(17, '91.239.57.164', 1216, '2020-10-10 13:49:41', '2020-10-10 13:49:41'),
(17, '246.49.194.106', 1217, '2020-10-03 13:49:41', '2020-10-03 13:49:41'),
(17, '110.21.121.121', 1218, '2021-01-23 14:49:41', '2021-01-23 14:49:41'),
(17, '118.159.246.155', 1219, '2021-01-13 14:49:41', '2021-01-13 14:49:41'),
(17, '185.125.5.99', 1220, '2021-01-30 14:49:41', '2021-01-30 14:49:41'),
(17, '101.64.106.96', 1221, '2020-09-21 13:49:41', '2020-09-21 13:49:41'),
(17, '72.14.226.34', 1222, '2020-07-25 13:49:41', '2020-07-25 13:49:41'),
(17, '183.78.251.10', 1223, '2020-10-28 14:49:41', '2020-10-28 14:49:41'),
(17, '71.164.154.178', 1224, '2021-04-19 13:49:41', '2021-04-19 13:49:41'),
(17, '86.83.108.63', 1225, '2020-07-05 13:49:41', '2020-07-05 13:49:41'),
(17, '249.14.171.44', 1226, '2020-07-07 13:49:41', '2020-07-07 13:49:41'),
(17, '211.112.82.52', 1227, '2020-12-21 14:49:41', '2020-12-21 14:49:41'),
(17, '114.17.45.150', 1228, '2021-01-06 14:49:41', '2021-01-06 14:49:41'),
(17, '19.203.115.40', 1229, '2020-12-10 14:49:41', '2020-12-10 14:49:41'),
(17, '190.80.64.35', 1230, '2020-08-19 13:49:41', '2020-08-19 13:49:41'),
(17, '186.216.21.117', 1231, '2020-10-13 13:49:41', '2020-10-13 13:49:41'),
(17, '66.10.194.187', 1232, '2021-05-24 13:49:41', '2021-05-24 13:49:41'),
(17, '84.152.144.31', 1233, '2021-03-08 14:49:41', '2021-03-08 14:49:41'),
(17, '147.108.31.234', 1234, '2020-08-19 13:49:41', '2020-08-19 13:49:41'),
(17, '88.229.90.66', 1235, '2020-11-08 14:49:41', '2020-11-08 14:49:41'),
(18, '26.208.61.211', 1236, '2020-07-29 13:49:41', '2020-07-29 13:49:41'),
(18, '165.96.81.95', 1237, '2021-06-07 13:49:41', '2021-06-07 13:49:41'),
(18, '233.200.195.73', 1238, '2021-03-31 13:49:41', '2021-03-31 13:49:41'),
(18, '8.33.147.11', 1239, '2020-07-06 13:49:41', '2020-07-06 13:49:41'),
(18, '212.186.122.201', 1240, '2020-09-14 13:49:41', '2020-09-14 13:49:41'),
(18, '217.23.124.47', 1241, '2020-08-17 13:49:41', '2020-08-17 13:49:41'),
(18, '1.167.31.196', 1242, '2020-08-21 13:49:41', '2020-08-21 13:49:41'),
(18, '95.4.178.218', 1243, '2020-10-11 13:49:41', '2020-10-11 13:49:41'),
(18, '53.239.46.124', 1244, '2020-07-31 13:49:41', '2020-07-31 13:49:41'),
(18, '131.25.244.167', 1245, '2021-01-04 14:49:42', '2021-01-04 14:49:42'),
(18, '111.249.140.197', 1246, '2021-05-01 13:49:42', '2021-05-01 13:49:42'),
(18, '203.220.203.64', 1247, '2020-11-07 14:49:42', '2020-11-07 14:49:42'),
(18, '110.162.218.167', 1248, '2020-11-28 14:49:42', '2020-11-28 14:49:42'),
(18, '183.132.70.58', 1249, '2021-03-30 13:49:42', '2021-03-30 13:49:42'),
(18, '154.206.8.235', 1250, '2021-04-12 13:49:42', '2021-04-12 13:49:42'),
(18, '17.233.200.113', 1251, '2021-02-21 14:49:42', '2021-02-21 14:49:42'),
(18, '70.104.25.154', 1252, '2020-09-06 13:49:42', '2020-09-06 13:49:42'),
(18, '104.51.94.49', 1253, '2020-11-19 14:49:42', '2020-11-19 14:49:42'),
(18, '9.32.195.188', 1254, '2020-09-16 13:49:42', '2020-09-16 13:49:42'),
(18, '9.102.28.157', 1255, '2021-05-07 13:49:42', '2021-05-07 13:49:42'),
(18, '1.93.115.89', 1256, '2021-03-26 14:49:42', '2021-03-26 14:49:42'),
(18, '113.20.103.113', 1257, '2021-02-13 14:49:42', '2021-02-13 14:49:42'),
(18, '232.122.192.4', 1258, '2021-05-12 13:49:42', '2021-05-12 13:49:42'),
(18, '85.206.215.199', 1259, '2021-05-12 13:49:42', '2021-05-12 13:49:42'),
(18, '214.106.136.113', 1260, '2020-12-12 14:49:42', '2020-12-12 14:49:42'),
(18, '184.182.118.170', 1261, '2021-06-15 13:49:42', '2021-06-15 13:49:42'),
(18, '112.151.133.188', 1262, '2020-12-15 14:49:42', '2020-12-15 14:49:42'),
(18, '216.248.44.255', 1263, '2020-08-30 13:49:42', '2020-08-30 13:49:42'),
(18, '252.254.219.183', 1264, '2021-04-28 13:49:42', '2021-04-28 13:49:42'),
(19, '40.44.12.77', 1265, '2020-09-28 13:49:42', '2020-09-28 13:49:42'),
(19, '254.194.1.60', 1266, '2020-08-25 13:49:42', '2020-08-25 13:49:42'),
(19, '236.227.141.52', 1267, '2020-10-19 13:49:42', '2020-10-19 13:49:42'),
(19, '88.212.46.24', 1268, '2021-02-10 14:49:42', '2021-02-10 14:49:42'),
(19, '9.58.184.63', 1269, '2020-11-05 14:49:42', '2020-11-05 14:49:42'),
(19, '219.109.31.126', 1270, '2021-03-20 14:49:42', '2021-03-20 14:49:42'),
(19, '59.48.147.237', 1271, '2020-10-10 13:49:42', '2020-10-10 13:49:42'),
(19, '149.61.42.239', 1272, '2021-05-25 13:49:42', '2021-05-25 13:49:42'),
(19, '38.202.130.107', 1273, '2020-11-25 14:49:42', '2020-11-25 14:49:42'),
(19, '223.26.138.71', 1274, '2021-05-05 13:49:42', '2021-05-05 13:49:42'),
(19, '235.111.29.97', 1275, '2020-11-19 14:49:42', '2020-11-19 14:49:42'),
(19, '131.94.85.10', 1276, '2020-12-06 14:49:42', '2020-12-06 14:49:42'),
(19, '101.62.215.240', 1277, '2021-01-17 14:49:42', '2021-01-17 14:49:42'),
(19, '13.137.6.25', 1278, '2020-10-31 14:49:42', '2020-10-31 14:49:42'),
(19, '1.25.230.25', 1279, '2020-12-21 14:49:42', '2020-12-21 14:49:42'),
(19, '63.77.97.246', 1280, '2020-11-07 14:49:42', '2020-11-07 14:49:42'),
(19, '202.241.89.7', 1281, '2020-08-17 13:49:42', '2020-08-17 13:49:42'),
(19, '154.97.254.220', 1282, '2021-02-03 14:49:42', '2021-02-03 14:49:42'),
(19, '192.22.71.97', 1283, '2021-03-23 14:49:42', '2021-03-23 14:49:42'),
(19, '163.253.167.179', 1284, '2021-02-24 14:49:42', '2021-02-24 14:49:42'),
(19, '157.195.41.213', 1285, '2021-02-15 14:49:42', '2021-02-15 14:49:42'),
(19, '79.43.10.144', 1286, '2021-02-24 14:49:42', '2021-02-24 14:49:42'),
(19, '163.166.144.26', 1287, '2021-04-30 13:49:42', '2021-04-30 13:49:42'),
(19, '65.33.213.68', 1288, '2020-08-29 13:49:42', '2020-08-29 13:49:42'),
(19, '246.95.117.121', 1289, '2021-03-16 14:49:42', '2021-03-16 14:49:42'),
(20, '184.78.242.215', 1290, '2021-01-05 14:49:42', '2021-01-05 14:49:42'),
(20, '208.228.226.4', 1291, '2021-04-27 13:49:42', '2021-04-27 13:49:42'),
(20, '190.176.207.27', 1292, '2020-10-04 13:49:42', '2020-10-04 13:49:42'),
(20, '9.156.140.30', 1293, '2021-02-15 14:49:42', '2021-02-15 14:49:42'),
(20, '55.158.21.159', 1294, '2020-10-22 13:49:42', '2020-10-22 13:49:42'),
(20, '233.14.139.128', 1295, '2020-11-29 14:49:42', '2020-11-29 14:49:42'),
(20, '215.11.148.244', 1296, '2020-08-21 13:49:42', '2020-08-21 13:49:42'),
(20, '18.175.84.175', 1297, '2021-01-11 14:49:42', '2021-01-11 14:49:42'),
(20, '54.178.94.96', 1298, '2020-09-12 13:49:42', '2020-09-12 13:49:42'),
(20, '124.187.84.1', 1299, '2020-10-17 13:49:42', '2020-10-17 13:49:42'),
(20, '233.136.125.133', 1300, '2020-07-07 13:49:42', '2020-07-07 13:49:42'),
(20, '241.38.32.77', 1301, '2021-01-10 14:49:42', '2021-01-10 14:49:42'),
(20, '46.77.92.78', 1302, '2021-01-24 14:49:42', '2021-01-24 14:49:42'),
(20, '23.69.221.14', 1303, '2020-12-28 14:49:42', '2020-12-28 14:49:42'),
(20, '60.248.149.108', 1304, '2020-11-08 14:49:42', '2020-11-08 14:49:42'),
(20, '132.45.3.199', 1305, '2020-12-15 14:49:42', '2020-12-15 14:49:42'),
(20, '81.89.172.49', 1306, '2021-01-12 14:49:42', '2021-01-12 14:49:42'),
(20, '69.62.19.178', 1307, '2021-04-21 13:49:42', '2021-04-21 13:49:42'),
(20, '143.42.255.74', 1308, '2020-10-25 14:49:42', '2020-10-25 14:49:42'),
(20, '197.225.97.141', 1309, '2020-08-12 13:49:42', '2020-08-12 13:49:42'),
(20, '168.11.196.222', 1310, '2020-09-04 13:49:42', '2020-09-04 13:49:42'),
(20, '85.175.44.153', 1311, '2020-08-18 13:49:42', '2020-08-18 13:49:42'),
(20, '53.27.195.2', 1312, '2021-06-13 13:49:42', '2021-06-13 13:49:42'),
(20, '247.229.77.40', 1313, '2021-05-10 13:49:42', '2021-05-10 13:49:42'),
(21, '227.176.226.55', 1314, '2021-04-05 13:49:42', '2021-04-05 13:49:42'),
(21, '71.212.34.33', 1315, '2021-02-12 14:49:42', '2021-02-12 14:49:42'),
(21, '179.211.237.155', 1316, '2021-02-02 14:49:42', '2021-02-02 14:49:42'),
(21, '46.139.61.221', 1317, '2021-01-10 14:49:42', '2021-01-10 14:49:42'),
(21, '61.202.235.90', 1318, '2021-05-08 13:49:42', '2021-05-08 13:49:42'),
(21, '206.205.252.148', 1319, '2020-07-18 13:49:42', '2020-07-18 13:49:42'),
(21, '187.64.117.194', 1320, '2020-08-09 13:49:42', '2020-08-09 13:49:42'),
(21, '101.175.204.197', 1321, '2021-04-10 13:49:42', '2021-04-10 13:49:42'),
(21, '55.68.176.197', 1322, '2021-02-16 14:49:42', '2021-02-16 14:49:42'),
(21, '171.99.82.54', 1323, '2020-09-14 13:49:42', '2020-09-14 13:49:42'),
(21, '122.148.81.35', 1324, '2021-02-21 14:49:42', '2021-02-21 14:49:42'),
(21, '172.40.185.209', 1325, '2020-07-12 13:49:42', '2020-07-12 13:49:42'),
(21, '100.168.83.255', 1326, '2020-11-11 14:49:42', '2020-11-11 14:49:42'),
(21, '45.131.165.160', 1327, '2020-07-27 13:49:42', '2020-07-27 13:49:42'),
(21, '198.48.159.34', 1328, '2021-01-17 14:49:42', '2021-01-17 14:49:42'),
(21, '24.63.44.65', 1329, '2021-03-06 14:49:42', '2021-03-06 14:49:42'),
(21, '105.214.140.199', 1330, '2021-02-21 14:49:42', '2021-02-21 14:49:42'),
(21, '225.28.149.236', 1331, '2021-02-25 14:49:42', '2021-02-25 14:49:42'),
(21, '111.61.193.38', 1332, '2021-01-31 14:49:42', '2021-01-31 14:49:42'),
(21, '7.143.121.89', 1333, '2021-05-01 13:49:42', '2021-05-01 13:49:42'),
(21, '189.74.154.56', 1334, '2020-07-29 13:49:42', '2020-07-29 13:49:42'),
(21, '238.90.89.119', 1335, '2021-02-08 14:49:42', '2021-02-08 14:49:42');

--
-- Indici per le tabelle scaricate
--

--
-- Indici per le tabelle `apartments`
--
ALTER TABLE `apartments`
  ADD PRIMARY KEY (`id`),
  ADD UNIQUE KEY `apartments_slug_unique` (`slug`),
  ADD KEY `apartments_user_id_foreign` (`user_id`);

--
-- Indici per le tabelle `apartment_service`
--
ALTER TABLE `apartment_service`
  ADD PRIMARY KEY (`id`),
  ADD KEY `apartment_service_service_id_foreign` (`service_id`),
  ADD KEY `apartment_service_apartment_id_foreign` (`apartment_id`);

--
-- Indici per le tabelle `apartment_sponsor`
--
ALTER TABLE `apartment_sponsor`
  ADD PRIMARY KEY (`id`),
  ADD KEY `apartment_sponsor_sponsor_id_foreign` (`sponsor_id`),
  ADD KEY `apartment_sponsor_apartment_id_foreign` (`apartment_id`);

--
-- Indici per le tabelle `failed_jobs`
--
ALTER TABLE `failed_jobs`
  ADD PRIMARY KEY (`id`);

--
-- Indici per le tabelle `messages`
--
ALTER TABLE `messages`
  ADD PRIMARY KEY (`id`),
  ADD KEY `messages_apartment_id_foreign` (`apartment_id`);

--
-- Indici per le tabelle `migrations`
--
ALTER TABLE `migrations`
  ADD PRIMARY KEY (`id`);

--
-- Indici per le tabelle `password_resets`
--
ALTER TABLE `password_resets`
  ADD KEY `password_resets_email_index` (`email`);

--
-- Indici per le tabelle `services`
--
ALTER TABLE `services`
  ADD PRIMARY KEY (`id`);

--
-- Indici per le tabelle `sponsors`
--
ALTER TABLE `sponsors`
  ADD PRIMARY KEY (`id`);

--
-- Indici per le tabelle `users`
--
ALTER TABLE `users`
  ADD PRIMARY KEY (`id`),
  ADD UNIQUE KEY `users_email_unique` (`email`);

--
-- Indici per le tabelle `views`
--
ALTER TABLE `views`
  ADD PRIMARY KEY (`id`),
  ADD KEY `views_apartment_id_foreign` (`apartment_id`);

--
-- AUTO_INCREMENT per le tabelle scaricate
--

--
-- AUTO_INCREMENT per la tabella `apartments`
--
ALTER TABLE `apartments`
  MODIFY `id` bigint(20) UNSIGNED NOT NULL AUTO_INCREMENT, AUTO_INCREMENT=22;

--
-- AUTO_INCREMENT per la tabella `apartment_service`
--
ALTER TABLE `apartment_service`
  MODIFY `id` bigint(20) UNSIGNED NOT NULL AUTO_INCREMENT, AUTO_INCREMENT=153;

--
-- AUTO_INCREMENT per la tabella `apartment_sponsor`
--
ALTER TABLE `apartment_sponsor`
  MODIFY `id` bigint(20) UNSIGNED NOT NULL AUTO_INCREMENT, AUTO_INCREMENT=3;

--
-- AUTO_INCREMENT per la tabella `failed_jobs`
--
ALTER TABLE `failed_jobs`
  MODIFY `id` bigint(20) UNSIGNED NOT NULL AUTO_INCREMENT;

--
-- AUTO_INCREMENT per la tabella `messages`
--
ALTER TABLE `messages`
  MODIFY `id` bigint(20) UNSIGNED NOT NULL AUTO_INCREMENT, AUTO_INCREMENT=45;

--
-- AUTO_INCREMENT per la tabella `migrations`
--
ALTER TABLE `migrations`
  MODIFY `id` int(10) UNSIGNED NOT NULL AUTO_INCREMENT, AUTO_INCREMENT=351;

--
-- AUTO_INCREMENT per la tabella `services`
--
ALTER TABLE `services`
  MODIFY `id` bigint(20) UNSIGNED NOT NULL AUTO_INCREMENT, AUTO_INCREMENT=17;

--
-- AUTO_INCREMENT per la tabella `sponsors`
--
ALTER TABLE `sponsors`
  MODIFY `id` bigint(20) UNSIGNED NOT NULL AUTO_INCREMENT, AUTO_INCREMENT=4;

--
-- AUTO_INCREMENT per la tabella `users`
--
ALTER TABLE `users`
  MODIFY `id` bigint(20) UNSIGNED NOT NULL AUTO_INCREMENT, AUTO_INCREMENT=13;

--
-- AUTO_INCREMENT per la tabella `views`
--
ALTER TABLE `views`
  MODIFY `id` bigint(20) UNSIGNED NOT NULL AUTO_INCREMENT, AUTO_INCREMENT=1336;

--
-- Limiti per le tabelle scaricate
--

--
-- Limiti per la tabella `apartments`
--
ALTER TABLE `apartments`
  ADD CONSTRAINT `apartments_user_id_foreign` FOREIGN KEY (`user_id`) REFERENCES `users` (`id`) ON DELETE CASCADE;

--
-- Limiti per la tabella `apartment_service`
--
ALTER TABLE `apartment_service`
  ADD CONSTRAINT `apartment_service_apartment_id_foreign` FOREIGN KEY (`apartment_id`) REFERENCES `apartments` (`id`) ON DELETE CASCADE,
  ADD CONSTRAINT `apartment_service_service_id_foreign` FOREIGN KEY (`service_id`) REFERENCES `services` (`id`) ON DELETE CASCADE;

--
-- Limiti per la tabella `apartment_sponsor`
--
ALTER TABLE `apartment_sponsor`
  ADD CONSTRAINT `apartment_sponsor_apartment_id_foreign` FOREIGN KEY (`apartment_id`) REFERENCES `apartments` (`id`) ON DELETE CASCADE,
  ADD CONSTRAINT `apartment_sponsor_sponsor_id_foreign` FOREIGN KEY (`sponsor_id`) REFERENCES `sponsors` (`id`) ON DELETE CASCADE;

--
-- Limiti per la tabella `messages`
--
ALTER TABLE `messages`
  ADD CONSTRAINT `messages_apartment_id_foreign` FOREIGN KEY (`apartment_id`) REFERENCES `apartments` (`id`) ON DELETE CASCADE;

--
-- Limiti per la tabella `views`
--
ALTER TABLE `views`
  ADD CONSTRAINT `views_apartment_id_foreign` FOREIGN KEY (`apartment_id`) REFERENCES `apartments` (`id`) ON DELETE CASCADE;

/*!40101 SET CHARACTER_SET_CLIENT=@OLD_CHARACTER_SET_CLIENT */;
/*!40101 SET CHARACTER_SET_RESULTS=@OLD_CHARACTER_SET_RESULTS */;
/*!40101 SET COLLATION_CONNECTION=@OLD_COLLATION_CONNECTION */;
